"","DATE","DLY_FLTS","MVTS_NORM_ROLLAVG"
"1",2019-01-01,4068,NA
"2",2019-01-02,5783,NA
"3",2019-01-03,5853,NA
"4",2019-01-04,5730,5237.42857142857
"5",2019-01-05,4966,5470
"6",2019-01-06,4783,5481.71428571429
"7",2019-01-07,5479,5485.28571428571
"8",2019-01-08,5696,5501.42857142857
"9",2019-01-09,5865,5508.57142857143
"10",2019-01-10,5878,5506.85714285714
"11",2019-01-11,5843,5535.71428571429
"12",2019-01-12,5016,5578
"13",2019-01-13,4771,5575.85714285714
"14",2019-01-14,5681,5589
"15",2019-01-15,5992,5605.14285714286
"16",2019-01-16,5850,5613.28571428571
"17",2019-01-17,5970,5614.57142857143
"18",2019-01-18,5956,5627
"19",2019-01-19,5073,5640.71428571429
"20",2019-01-20,4780,5667.85714285714
"21",2019-01-21,5768,5701.28571428571
"22",2019-01-22,6088,5691.14285714286
"23",2019-01-23,6040,5692
"24",2019-01-24,6204,5727.28571428571
"25",2019-01-25,5885,5750.42857142857
"26",2019-01-26,5079,5738.42857142857
"27",2019-01-27,5027,5741.28571428571
"28",2019-01-28,5930,5720.14285714286
"29",2019-01-29,6004,5745.57142857143
"30",2019-01-30,6060,5715.14285714286
"31",2019-01-31,6056,5660.85714285714
"32",2019-02-01,6063,5607
"33",2019-02-02,4866,5562.85714285714
"34",2019-02-03,4647,5497.14285714286
"35",2019-02-04,5553,5471.42857142857
"36",2019-02-05,5695,5441
"37",2019-02-06,5600,5429.57142857143
"38",2019-02-07,5876,5393
"39",2019-02-08,5850,5419.71428571429
"40",2019-02-09,4786,5424.85714285714
"41",2019-02-10,4391,5432.85714285714
"42",2019-02-11,5740,5449.14285714286
"43",2019-02-12,5731,5410.14285714286
"44",2019-02-13,5656,5368.85714285714
"45",2019-02-14,5990,5308.57142857143
"46",2019-02-15,5577,5300.42857142857
"47",2019-02-16,4497,5320
"48",2019-02-17,3969,5341.57142857143
"49",2019-02-18,5683,5344.85714285714
"50",2019-02-19,5868,5389.14285714286
"51",2019-02-20,5807,5444.71428571429
"52",2019-02-21,6013,5495.71428571429
"53",2019-02-22,5887,5473.28571428571
"54",2019-02-23,4886,5432.85714285714
"55",2019-02-24,4326,5454.57142857143
"56",2019-02-25,5526,5437.42857142857
"57",2019-02-26,5585,5471.14285714286
"58",2019-02-27,5959,5532
"59",2019-02-28,5893,5396.85714285714
"60",2019-03-01,6123,5092.71428571429
"61",2019-03-02,5312,4862.85714285714
"62",2019-03-03,3380,4828.42857142857
"63",2019-03-04,3397,4808.14285714286
"64",2019-03-05,3976,4726.42857142857
"65",2019-03-06,5718,4645.14285714286
"66",2019-03-07,5751,4807.42857142857
"67",2019-03-08,5551,5132.57142857143
"68",2019-03-09,4743,5387
"69",2019-03-10,4516,5413.57142857143
"70",2019-03-11,5673,5445.14285714286
"71",2019-03-12,5757,5505.71428571429
"72",2019-03-13,5904,5513.85714285714
"73",2019-03-14,5972,5465.71428571429
"74",2019-03-15,5975,5463.42857142857
"75",2019-03-16,4800,5468.57142857143
"76",2019-03-17,4179,5457.71428571429
"77",2019-03-18,5657,5425
"78",2019-03-19,5793,5411.85714285714
"79",2019-03-20,5828,5427.14285714286
"80",2019-03-21,5743,5457.57142857143
"81",2019-03-22,5883,5473
"82",2019-03-23,4907,5495.42857142857
"83",2019-03-24,4392,5510.42857142857
"84",2019-03-25,5765,5537.28571428571
"85",2019-03-26,5950,5555.42857142857
"86",2019-03-27,5933,5557.71428571429
"87",2019-03-28,5931,5537
"88",2019-03-29,6010,5512.42857142857
"89",2019-03-30,4923,5480.57142857143
"90",2019-03-31,4247,5469.57142857143
"91",2019-04-01,5593,5474.28571428571
"92",2019-04-02,5727,5443.71428571429
"93",2019-04-03,5856,5383.57142857143
"94",2019-04-04,5964,5345.14285714286
"95",2019-04-05,5796,5313
"96",2019-04-06,4502,5274.42857142857
"97",2019-04-07,3978,5289.42857142857
"98",2019-04-08,5368,5274.71428571429
"99",2019-04-09,5457,5316.14285714286
"100",2019-04-10,5961,5354.28571428571
"101",2019-04-11,5861,5365
"102",2019-04-12,6086,5406.57142857143
"103",2019-04-13,4769,5428.28571428571
"104",2019-04-14,4053,5415.85714285714
"105",2019-04-15,5659,5432.14285714286
"106",2019-04-16,5609,5225.42857142857
"107",2019-04-17,5874,4986
"108",2019-04-18,5975,5030.85714285714
"109",2019-04-19,4639,5064.57142857143
"110",2019-04-20,3093,5069.57142857143
"111",2019-04-21,4367,5030.85714285714
"112",2019-04-22,5895,4965.85714285714
"113",2019-04-23,5644,5122
"114",2019-04-24,5603,5317.28571428571
"115",2019-04-25,5520,5218
"116",2019-04-26,5732,5148.85714285714
"117",2019-04-27,4460,5126.42857142857
"118",2019-04-28,3672,4939.28571428571
"119",2019-04-29,5411,4881.14285714286
"120",2019-04-30,5487,4866.71428571429
"121",2019-05-01,4293,4855.85714285714
"122",2019-05-02,5113,4914.42857142857
"123",2019-05-03,5631,4921.57142857143
"124",2019-05-04,4384,4903.85714285714
"125",2019-05-05,4082,5070.42857142857
"126",2019-05-06,5461,5153.57142857143
"127",2019-05-07,5363,5161.14285714286
"128",2019-05-08,5459,5146.71428571429
"129",2019-05-09,5695,5094.85714285714
"130",2019-05-10,5684,5028.71428571429
"131",2019-05-11,4283,5011.57142857143
"132",2019-05-12,3719,4976.14285714286
"133",2019-05-13,4998,4947.85714285714
"134",2019-05-14,5243,4898.85714285714
"135",2019-05-15,5211,4879.71428571429
"136",2019-05-16,5497,4890
"137",2019-05-17,5341,4917.14285714286
"138",2019-05-18,4149,4937.57142857143
"139",2019-05-19,3791,4972.85714285714
"140",2019-05-20,5188,4978.28571428571
"141",2019-05-21,5386,5008.14285714286
"142",2019-05-22,5458,5050.14285714286
"143",2019-05-23,5535,5083.85714285714
"144",2019-05-24,5550,5118.28571428571
"145",2019-05-25,4443,5103
"146",2019-05-26,4027,5098.28571428571
"147",2019-05-27,5429,5070.28571428571
"148",2019-05-28,5279,5065
"149",2019-05-29,5425,5029
"150",2019-05-30,5339,4986.71428571429
"151",2019-05-31,5513,4942.14285714286
"152",2019-06-01,4191,4963.57142857143
"153",2019-06-02,3731,4983.85714285714
"154",2019-06-03,5117,5039.14285714286
"155",2019-06-04,5429,5087
"156",2019-06-05,5567,5132.14285714286
"157",2019-06-06,5726,5189.42857142857
"158",2019-06-07,5848,5235.14285714286
"159",2019-06-08,4507,5222.57142857143
"160",2019-06-09,4132,5218
"161",2019-06-10,5437,5207.85714285714
"162",2019-06-11,5341,5215.42857142857
"163",2019-06-12,5535,5212.57142857143
"164",2019-06-13,5655,5205.57142857143
"165",2019-06-14,5901,5208.14285714286
"166",2019-06-15,4487,5261.85714285714
"167",2019-06-16,4083,5323.57142857143
"168",2019-06-17,5455,5247.42857142857
"169",2019-06-18,5717,4913.71428571429
"170",2019-06-19,5967,4747
"171",2019-06-20,5122,4793
"172",2019-06-21,3565,4818
"173",2019-06-22,3320,4791.28571428571
"174",2019-06-23,4405,4728.28571428571
"175",2019-06-24,5630,4831.71428571429
"176",2019-06-25,5530,5182.14285714286
"177",2019-06-26,5526,5365.28571428571
"178",2019-06-27,5846,5329.14285714286
"179",2019-06-28,6018,5348.85714285714
"180",2019-06-29,4602,5374.14285714286
"181",2019-06-30,4152,5415.71428571429
"182",2019-07-01,5768,5387.71428571429
"183",2019-07-02,5707,5337.28571428571
"184",2019-07-03,5817,5380.28571428571
"185",2019-07-04,5650,5404.57142857143
"186",2019-07-05,5665,5389.71428571429
"187",2019-07-06,4903,5386.28571428571
"188",2019-07-07,4322,5370.14285714286
"189",2019-07-08,5664,5394.14285714286
"190",2019-07-09,5683,5436.57142857143
"191",2019-07-10,5704,5429.42857142857
"192",2019-07-11,5818,5439.71428571429
"193",2019-07-12,5962,5435
"194",2019-07-13,4853,5440.85714285714
"195",2019-07-14,4394,5474.14285714286
"196",2019-07-15,5631,5503.28571428571
"197",2019-07-16,5724,5501.28571428571
"198",2019-07-17,5937,5499.42857142857
"199",2019-07-18,6022,5517.14285714286
"200",2019-07-19,5948,5513.71428571429
"201",2019-07-20,4840,5519.85714285714
"202",2019-07-21,4518,5522.42857142857
"203",2019-07-22,5607,5493.42857142857
"204",2019-07-23,5767,5495
"205",2019-07-24,5955,5502.14285714286
"206",2019-07-25,5819,5496.14285714286
"207",2019-07-26,5959,5509.85714285714
"208",2019-07-27,4890,5532.71428571429
"209",2019-07-28,4476,5538.71428571429
"210",2019-07-29,5703,5540.14285714286
"211",2019-07-30,5927,5504.42857142857
"212",2019-07-31,5997,5434.57142857143
"213",2019-08-01,5829,5382.71428571429
"214",2019-08-02,5709,5345.42857142857
"215",2019-08-03,4401,5312.42857142857
"216",2019-08-04,4113,5260.71428571429
"217",2019-08-05,5442,5280.85714285714
"218",2019-08-06,5696,5327.85714285714
"219",2019-08-07,5635,5390.57142857143
"220",2019-08-08,5970,5407.28571428571
"221",2019-08-09,6038,5399.71428571429
"222",2019-08-10,4840,5390.71428571429
"223",2019-08-11,4230,5398.71428571429
"224",2019-08-12,5389,5397.28571428571
"225",2019-08-13,5633,5416.57142857143
"226",2019-08-14,5691,5400.42857142857
"227",2019-08-15,5960,5422.42857142857
"228",2019-08-16,6173,5427.28571428571
"229",2019-08-17,4727,5406.14285714286
"230",2019-08-18,4384,5405
"231",2019-08-19,5423,5403.71428571429
"232",2019-08-20,5485,5353.14285714286
"233",2019-08-21,5683,5344.42857142857
"234",2019-08-22,5951,5356.85714285714
"235",2019-08-23,5819,5380.42857142857
"236",2019-08-24,4666,5421.28571428571
"237",2019-08-25,4471,5434
"238",2019-08-26,5588,5436.71428571429
"239",2019-08-27,5771,5454.14285714286
"240",2019-08-28,5772,5438.57142857143
"241",2019-08-29,5970,5394.14285714286
"242",2019-08-30,5941,5378.28571428571
"243",2019-08-31,4557,5340.71428571429
"244",2019-09-01,4160,5317.42857142857
"245",2019-09-02,5477,5280.57142857143
"246",2019-09-03,5508,5247.57142857143
"247",2019-09-04,5609,5280.71428571429
"248",2019-09-05,5712,5315.85714285714
"249",2019-09-06,5710,5344.57142857143
"250",2019-09-07,4789,5388.71428571429
"251",2019-09-08,4406,5420.85714285714
"252",2019-09-09,5678,5448.85714285714
"253",2019-09-10,5817,5473.42857142857
"254",2019-09-11,5834,5443.57142857143
"255",2019-09-12,5908,5449.71428571429
"256",2019-09-13,5882,5439.14285714286
"257",2019-09-14,4580,5425.42857142857
"258",2019-09-15,4449,5436
"259",2019-09-16,5604,5426.28571428571
"260",2019-09-17,5721,5436.85714285714
"261",2019-09-18,5908,5445.14285714286
"262",2019-09-19,5840,5412.14285714286
"263",2019-09-20,5956,5419.85714285714
"264",2019-09-21,4638,5428.14285714286
"265",2019-09-22,4218,5391
"266",2019-09-23,5658,5389.28571428571
"267",2019-09-24,5779,5411.85714285714
"268",2019-09-25,5648,5444
"269",2019-09-26,5828,5496.71428571429
"270",2019-09-27,6114,5526.57142857143
"271",2019-09-28,4863,5545.57142857143
"272",2019-09-29,4587,5602.71428571429
"273",2019-09-30,5867,5637.57142857143
"274",2019-10-01,5912,5644.85714285714
"275",2019-10-02,6048,5657.71428571429
"276",2019-10-03,6072,5625.71428571429
"277",2019-10-04,6165,5590.57142857143
"278",2019-10-05,4953,5550.71428571429
"279",2019-10-06,4363,5487
"280",2019-10-07,5621,5486.14285714286
"281",2019-10-08,5633,5498.42857142857
"282",2019-10-09,5602,5507.85714285714
"283",2019-10-10,6066,5526.71428571429
"284",2019-10-11,6251,5535.57142857143
"285",2019-10-12,5019,5544.14285714286
"286",2019-10-13,4495,5565.14285714286
"287",2019-10-14,5683,5539.42857142857
"288",2019-10-15,5693,5502.85714285714
"289",2019-10-16,5749,5481.28571428571
"290",2019-10-17,5886,5461.57142857143
"291",2019-10-18,5995,5437.28571428571
"292",2019-10-19,4868,5450.71428571429
"293",2019-10-20,4357,5470
"294",2019-10-21,5513,5509
"295",2019-10-22,5787,5541.85714285714
"296",2019-10-23,5884,5530.85714285714
"297",2019-10-24,6159,5532.28571428571
"298",2019-10-25,6225,5551
"299",2019-10-26,4791,5555.85714285714
"300",2019-10-27,4367,5582
"301",2019-10-28,5644,5559.14285714286
"302",2019-10-29,5821,5547
"303",2019-10-30,6067,5537.14285714286
"304",2019-10-31,5999,5558.14285714286
"305",2019-11-01,6140,5555.85714285714
"306",2019-11-02,4722,5537
"307",2019-11-03,4514,5530.28571428571
"308",2019-11-04,5628,5535.57142857143
"309",2019-11-05,5689,5489.14285714286
"310",2019-11-06,6020,5495
"311",2019-11-07,6036,5482.57142857143
"312",2019-11-08,5815,5477.85714285714
"313",2019-11-09,4763,5494.71428571429
"314",2019-11-10,4427,5498
"315",2019-11-11,5595,5508.14285714286
"316",2019-11-12,5807,5462.14285714286
"317",2019-11-13,6043,5377.57142857143
"318",2019-11-14,6107,5455.71428571429
"319",2019-11-15,5493,5460.71428571429
"320",2019-11-16,4171,5427.57142857143
"321",2019-11-17,4974,5395.57142857143
"322",2019-11-18,5630,5402.71428571429
"323",2019-11-19,5575,5465.71428571429
"324",2019-11-20,5819,5577
"325",2019-11-21,6157,5535.42857142857
"326",2019-11-22,5934,5589.28571428571
"327",2019-11-23,4950,5640.71428571429
"328",2019-11-24,4683,5611.28571428571
"329",2019-11-25,6007,5582
"330",2019-11-26,5935,5628.28571428571
"331",2019-11-27,5613,5668.28571428571
"332",2019-11-28,5952,5669.85714285714
"333",2019-11-29,6258,5659
"334",2019-11-30,5230,5681
"335",2019-12-01,4694,5755.42857142857
"336",2019-12-02,5931,5760.71428571429
"337",2019-12-03,6089,5751.71428571429
"338",2019-12-04,6134,5760.42857142857
"339",2019-12-05,5989,5771.42857142857
"340",2019-12-06,6195,5769.14285714286
"341",2019-12-07,5291,5739
"342",2019-12-08,4771,5705.85714285714
"343",2019-12-09,5915,5739.57142857143
"344",2019-12-10,5878,5741.42857142857
"345",2019-12-11,5902,5728.57142857143
"346",2019-12-12,6225,5738.57142857143
"347",2019-12-13,6208,5755.71428571429
"348",2019-12-14,5201,5769
"349",2019-12-15,4841,5801
"350",2019-12-16,6035,5817.57142857143
"351",2019-12-17,5971,5840.57142857143
"352",2019-12-18,6126,5863
"353",2019-12-19,6341,5862.42857142857
"354",2019-12-20,6369,5795.71428571429
"355",2019-12-21,5358,5638.57142857143
"356",2019-12-22,4837,5301.57142857143
"357",2019-12-23,5568,5248.42857142857
"358",2019-12-24,4871,5187.71428571429
"359",2019-12-25,3767,5206.42857142857
"360",2019-12-26,5969,5184.85714285714
"361",2019-12-27,5944,5165.14285714286
"362",2019-12-28,5489,5138.28571428571
"363",2019-12-29,4686,5137.57142857143
"364",2019-12-30,5430,5053.14285714286
"365",2019-12-31,4683,5016.71428571429
"366",2020-01-01,3762,4956.42857142857
"367",2020-01-02,5378,4995
"368",2020-01-03,5689,5034.71428571429
"369",2020-01-04,5067,5181.28571428571
"370",2020-01-05,4956,5449
"371",2020-01-06,5708,5520.42857142857
"372",2020-01-07,5709,5553.85714285714
"373",2020-01-08,5636,5547.14285714286
"374",2020-01-09,5878,5521.85714285714
"375",2020-01-10,5923,5505.71428571429
"376",2020-01-11,5020,5536.28571428571
"377",2020-01-12,4779,5581.14285714286
"378",2020-01-13,5595,5580.57142857143
"379",2020-01-14,5923,5557.42857142857
"380",2020-01-15,5950,5567.57142857143
"381",2020-01-16,5874,5559.71428571429
"382",2020-01-17,5761,5591
"383",2020-01-18,5091,5595.85714285714
"384",2020-01-19,4724,5580.57142857143
"385",2020-01-20,5814,5578.14285714286
"386",2020-01-21,5957,5569.85714285714
"387",2020-01-22,5843,5574.28571428571
"388",2020-01-23,5857,5596.14285714286
"389",2020-01-24,5703,5621
"390",2020-01-25,5122,5625.14285714286
"391",2020-01-26,4877,5670.71428571429
"392",2020-01-27,5988,5691
"393",2020-01-28,5986,5724.71428571429
"394",2020-01-29,6162,5697.28571428571
"395",2020-01-30,5999,5638.14285714286
"396",2020-01-31,5939,5599.14285714286
"397",2020-02-01,4930,5558.85714285714
"398",2020-02-02,4463,5506.57142857143
"399",2020-02-03,5715,5493.14285714286
"400",2020-02-04,5704,5491.85714285714
"401",2020-02-05,5796,5489
"402",2020-02-06,5905,5514.28571428571
"403",2020-02-07,5930,5442.85714285714
"404",2020-02-08,4910,5421.71428571429
"405",2020-02-09,4640,5434.42857142857
"406",2020-02-10,5215,5469.42857142857
"407",2020-02-11,5556,5497.71428571429
"408",2020-02-12,5885,5502.28571428571
"409",2020-02-13,6150,5513.71428571429
"410",2020-02-14,6128,5636.85714285714
"411",2020-02-15,4942,5697.85714285714
"412",2020-02-16,4720,5723.85714285714
"413",2020-02-17,6077,5751.71428571429
"414",2020-02-18,5983,5766.71428571429
"415",2020-02-19,6067,5791.14285714286
"416",2020-02-20,6345,5611.85714285714
"417",2020-02-21,6233,5276.57142857143
"418",2020-02-22,5113,5026
"419",2020-02-23,3465,4966.85714285714
"420",2020-02-24,3730,4878
"421",2020-02-25,4229,4785.42857142857
"422",2020-02-26,5653,4725
"423",2020-02-27,5723,4888.85714285714
"424",2020-02-28,5585,5181.42857142857
"425",2020-02-29,4690,5427.57142857143
"426",2020-03-01,4612,5495.57142857143
"427",2020-03-02,5778,5570.71428571429
"428",2020-03-03,5952,5658.71428571429
"429",2020-03-04,6129,5696.14285714286
"430",2020-03-05,6249,5696.28571428571
"431",2020-03-06,6201,5730.85714285714
"432",2020-03-07,4952,5760.28571428571
"433",2020-03-08,4613,5760.42857142857
"434",2020-03-09,6020,5762
"435",2020-03-10,6158,5765.14285714286
"436",2020-03-11,6130,5752.71428571429
"437",2020-03-12,6260,5723.14285714286
"438",2020-03-13,6223,5630.71428571429
"439",2020-03-14,4865,5470
"440",2020-03-15,4406,5224.71428571429
"441",2020-03-16,5373,4935.71428571429
"442",2020-03-17,5033,4637.71428571429
"443",2020-03-18,4413,4404.71428571429
"444",2020-03-19,4237,4092.28571428571
"445",2020-03-20,4137,3665.85714285714
"446",2020-03-21,3234,3216.71428571429
"447",2020-03-22,2219,2810.57142857143
"448",2020-03-23,2388,2438.71428571429
"449",2020-03-24,1889,2084.42857142857
"450",2020-03-25,1570,1751
"451",2020-03-26,1634,1525.14285714286
"452",2020-03-27,1657,1360.42857142857
"453",2020-03-28,900,1294.57142857143
"454",2020-03-29,638,1271.85714285714
"455",2020-03-30,1235,1231
"456",2020-03-31,1428,1193.85714285714
"457",2020-04-01,1411,1184.57142857143
"458",2020-04-02,1348,1179.42857142857
"459",2020-04-03,1397,1192.28571428571
"460",2020-04-04,835,1178
"461",2020-04-05,602,1190.42857142857
"462",2020-04-06,1325,1204
"463",2020-04-07,1328,1114.71428571429
"464",2020-04-08,1498,1078.71428571429
"465",2020-04-09,1443,1069.14285714286
"466",2020-04-10,772,1072.14285714286
"467",2020-04-11,583,1071.57142857143
"468",2020-04-12,535,1062.85714285714
"469",2020-04-13,1346,1069.57142857143
"470",2020-04-14,1324,1174
"471",2020-04-15,1437,1210
"472",2020-04-16,1490,1218
"473",2020-04-17,1503,1211
"474",2020-04-18,835,1186.42857142857
"475",2020-04-19,591,1199.57142857143
"476",2020-04-20,1297,1236.28571428571
"477",2020-04-21,1152,1276.71428571429
"478",2020-04-22,1529,1303.85714285714
"479",2020-04-23,1747,1328.28571428571
"480",2020-04-24,1786,1376.85714285714
"481",2020-04-25,1025,1477.14285714286
"482",2020-04-26,762,1535.28571428571
"483",2020-04-27,1637,1587.57142857143
"484",2020-04-28,1854,1525.14285714286
"485",2020-04-29,1936,1504.85714285714
"486",2020-04-30,2113,1509.14285714286
"487",2020-05-01,1349,1531.71428571429
"488",2020-05-02,883,1523.14285714286
"489",2020-05-03,792,1515.71428571429
"490",2020-05-04,1795,1501.57142857143
"491",2020-05-05,1794,1593.28571428571
"492",2020-05-06,1884,1637.57142857143
"493",2020-05-07,2014,1639.28571428571
"494",2020-05-08,1991,1632.28571428571
"495",2020-05-09,1193,1649.57142857143
"496",2020-05-10,804,1635.71428571429
"497",2020-05-11,1746,1596.28571428571
"498",2020-05-12,1915,1539.14285714286
"499",2020-05-13,1787,1530.14285714286
"500",2020-05-14,1738,1542.71428571429
"501",2020-05-15,1591,1546.14285714286
"502",2020-05-16,1130,1552.14285714286
"503",2020-05-17,892,1584.28571428571
"504",2020-05-18,1770,1622.28571428571
"505",2020-05-19,1957,1651.42857142857
"506",2020-05-20,2012,1616.42857142857
"507",2020-05-21,2004,1604.71428571429
"508",2020-05-22,1795,1599
"509",2020-05-23,885,1604
"510",2020-05-24,810,1611.14285714286
"511",2020-05-25,1730,1610.14285714286
"512",2020-05-26,1992,1634.28571428571
"513",2020-05-27,2062,1691.57142857143
"514",2020-05-28,1997,1711.42857142857
"515",2020-05-29,1964,1719
"516",2020-05-30,1286,1687.57142857143
"517",2020-05-31,949,1663.28571428571
"518",2020-06-01,1783,1656.28571428571
"519",2020-06-02,1772,1642.71428571429
"520",2020-06-03,1892,1623.85714285714
"521",2020-06-04,1948,1630
"522",2020-06-05,1869,1639.42857142857
"523",2020-06-06,1154,1654.57142857143
"524",2020-06-07,992,1677.28571428571
"525",2020-06-08,1849,1632.28571428571
"526",2020-06-09,1878,1574.28571428571
"527",2020-06-10,2051,1552.14285714286
"528",2020-06-11,1633,1535.71428571429
"529",2020-06-12,1463,1545.42857142857
"530",2020-06-13,999,1547.14285714286
"531",2020-06-14,877,1567.57142857143
"532",2020-06-15,1917,1641.28571428571
"533",2020-06-16,1890,1752.14285714286
"534",2020-06-17,2194,1798.71428571429
"535",2020-06-18,2149,1846
"536",2020-06-19,2239,1874.42857142857
"537",2020-06-20,1325,1918
"538",2020-06-21,1208,1922
"539",2020-06-22,2116,1923.42857142857
"540",2020-06-23,2195,1924.57142857143
"541",2020-06-24,2222,1896.85714285714
"542",2020-06-25,2159,1885.14285714286
"543",2020-06-26,2247,1880
"544",2020-06-27,1131,1863.14285714286
"545",2020-06-28,1126,1870.14285714286
"546",2020-06-29,2080,1939.42857142857
"547",2020-06-30,2077,1994.14285714286
"548",2020-07-01,2271,2037.14285714286
"549",2020-07-02,2644,2059.85714285714
"550",2020-07-03,2630,2067.85714285714
"551",2020-07-04,1432,2091
"552",2020-07-05,1285,2097.85714285714
"553",2020-07-06,2136,2065
"554",2020-07-07,2239,2065
"555",2020-07-08,2319,2058.85714285714
"556",2020-07-09,2414,2060.14285714286
"557",2020-07-10,2630,2101.71428571429
"558",2020-07-11,1389,2083.57142857143
"559",2020-07-12,1294,2076.14285714286
"560",2020-07-13,2427,2072.71428571429
"561",2020-07-14,2112,2095.57142857143
"562",2020-07-15,2267,2114.85714285714
"563",2020-07-16,2390,2122.57142857143
"564",2020-07-17,2790,2140.85714285714
"565",2020-07-18,1524,2205.85714285714
"566",2020-07-19,1348,2260.85714285714
"567",2020-07-20,2555,2328.71428571429
"568",2020-07-21,2567,2353.57142857143
"569",2020-07-22,2652,2364
"570",2020-07-23,2865,2374.85714285714
"571",2020-07-24,2964,2376.71428571429
"572",2020-07-25,1597,2364.57142857143
"573",2020-07-26,1424,2355.71428571429
"574",2020-07-27,2568,2324.57142857143
"575",2020-07-28,2482,2318.14285714286
"576",2020-07-29,2590,2329.57142857143
"577",2020-07-30,2647,2362.85714285714
"578",2020-07-31,2919,2412.14285714286
"579",2020-08-01,1677,2480
"580",2020-08-02,1657,2548.14285714286
"581",2020-08-03,2913,2615.71428571429
"582",2020-08-04,2957,2656.14285714286
"583",2020-08-05,3067,2657.28571428571
"584",2020-08-06,3120,2642.57142857143
"585",2020-08-07,3202,2660.42857142857
"586",2020-08-08,1685,2649
"587",2020-08-09,1554,2630.71428571429
"588",2020-08-10,3038,2599.28571428571
"589",2020-08-11,2877,2593.42857142857
"590",2020-08-12,2939,2610.57142857143
"591",2020-08-13,2900,2629
"592",2020-08-14,3161,2556.71428571429
"593",2020-08-15,1805,2527
"594",2020-08-16,1683,2496.14285714286
"595",2020-08-17,2532,2449.42857142857
"596",2020-08-18,2669,2372.71428571429
"597",2020-08-19,2723,2378.14285714286
"598",2020-08-20,2573,2378
"599",2020-08-21,2624,2440.85714285714
"600",2020-08-22,1843,2510.71428571429
"601",2020-08-23,1682,2575
"602",2020-08-24,2972,2670.28571428571
"603",2020-08-25,3158,2768
"604",2020-08-26,3173,2802.57142857143
"605",2020-08-27,3240,2823.28571428571
"606",2020-08-28,3308,2804.85714285714
"607",2020-08-29,2085,2792.85714285714
"608",2020-08-30,1827,2800
"609",2020-08-31,2843,2844.57142857143
"610",2020-09-01,3074,2933.71428571429
"611",2020-09-02,3223,2967.28571428571
"612",2020-09-03,3552,2919.71428571429
"613",2020-09-04,3932,2901.85714285714
"614",2020-09-05,2320,2920.71428571429
"615",2020-09-06,1494,2910
"616",2020-09-07,2718,2858
"617",2020-09-08,3206,2770.14285714286
"618",2020-09-09,3148,2749.57142857143
"619",2020-09-10,3188,2833.71428571429
"620",2020-09-11,3317,2915.71428571429
"621",2020-09-12,2176,2918
"622",2020-09-13,2083,2950.14285714286
"623",2020-09-14,3292,2972.57142857143
"624",2020-09-15,3222,3013
"625",2020-09-16,3373,3016.42857142857
"626",2020-09-17,3345,2991.28571428571
"627",2020-09-18,3600,2943
"628",2020-09-19,2200,2904.42857142857
"629",2020-09-20,1907,2893.42857142857
"630",2020-09-21,2954,2926.14285714286
"631",2020-09-22,2952,2934.57142857143
"632",2020-09-23,3296,2937.28571428571
"633",2020-09-24,3574,2960.71428571429
"634",2020-09-25,3659,2989.14285714286
"635",2020-09-26,2219,3026
"636",2020-09-27,2071,3044.42857142857
"637",2020-09-28,3153,3045.57142857143
"638",2020-09-29,3210,3050.57142857143
"639",2020-09-30,3425,3097.14285714286
"640",2020-10-01,3582,3093.71428571429
"641",2020-10-02,3694,3145
"642",2020-10-03,2545,3221.71428571429
"643",2020-10-04,2047,3258.14285714286
"644",2020-10-05,3512,3305
"645",2020-10-06,3747,3335.42857142857
"646",2020-10-07,3680,3402
"647",2020-10-08,3910,3371
"648",2020-10-09,3907,3324.28571428571
"649",2020-10-10,3011,3363.57142857143
"650",2020-10-11,1830,3410.57142857143
"651",2020-10-12,3185,3383.71428571429
"652",2020-10-13,4022,3404.71428571429
"653",2020-10-14,4009,3400
"654",2020-10-15,3722,3477
"655",2020-10-16,4054,3572.85714285714
"656",2020-10-17,2978,3537
"657",2020-10-18,2369,3517.28571428571
"658",2020-10-19,3856,3547.14285714286
"659",2020-10-20,3771,3553.57142857143
"660",2020-10-21,3871,3509.14285714286
"661",2020-10-22,3931,3490
"662",2020-10-23,4099,3464.57142857143
"663",2020-10-24,2667,3457.14285714286
"664",2020-10-25,2235,3472.57142857143
"665",2020-10-26,3678,3485.28571428571
"666",2020-10-27,3719,3447
"667",2020-10-28,3979,3468.57142857143
"668",2020-10-29,4020,3432.28571428571
"669",2020-10-30,3831,3353.42857142857
"670",2020-10-31,2818,3427.14285714286
"671",2020-11-01,1981,3458.28571428571
"672",2020-11-02,3126,3468.85714285714
"673",2020-11-03,4235,3556.42857142857
"674",2020-11-04,4197,3625.42857142857
"675",2020-11-05,4094,3724.28571428571
"676",2020-11-06,4444,3820.71428571429
"677",2020-11-07,3301,3788.14285714286
"678",2020-11-08,2673,3770.57142857143
"679",2020-11-09,3801,3768.71428571429
"680",2020-11-10,4007,3757
"681",2020-11-11,4074,3754
"682",2020-11-12,4081,3741.85714285714
"683",2020-11-13,4362,3757.71428571429
"684",2020-11-14,3280,3752.57142857143
"685",2020-11-15,2588,3734.85714285714
"686",2020-11-16,3912,3724.28571428571
"687",2020-11-17,3971,3705
"688",2020-11-18,3950,3691.57142857143
"689",2020-11-19,4007,3704.42857142857
"690",2020-11-20,4227,3748.42857142857
"691",2020-11-21,3186,3783.57142857143
"692",2020-11-22,2678,3826.28571428571
"693",2020-11-23,4220,3883.42857142857
"694",2020-11-24,4217,3891.71428571429
"695",2020-11-25,4249,3893.71428571429
"696",2020-11-26,4407,3889.85714285714
"697",2020-11-27,4285,3847.14285714286
"698",2020-11-28,3200,3837.57142857143
"699",2020-11-29,2651,3831.85714285714
"700",2020-11-30,3921,3834.85714285714
"701",2020-12-01,4150,3865.14285714286
"702",2020-12-02,4209,3879.28571428571
"703",2020-12-03,4428,3870
"704",2020-12-04,4497,3873.85714285714
"705",2020-12-05,3299,3872.28571428571
"706",2020-12-06,2586,3876.42857142857
"707",2020-12-07,3948,3886.14285714286
"708",2020-12-08,4139,3889.42857142857
"709",2020-12-09,4238,3934.57142857143
"710",2020-12-10,4496,3969.28571428571
"711",2020-12-11,4520,4016.28571428571
"712",2020-12-12,3615,4048
"713",2020-12-13,2829,4079.71428571429
"714",2020-12-14,4277,4101.42857142857
"715",2020-12-15,4361,4143
"716",2020-12-16,4460,4225.57142857143
"717",2020-12-17,4648,4312.57142857143
"718",2020-12-18,4811,4328
"719",2020-12-19,4193,4355.42857142857
"720",2020-12-20,3438,4383
"721",2020-12-21,4385,4227.14285714286
"722",2020-12-22,4553,3879.71428571429
"723",2020-12-23,4653,3852.85714285714
"724",2020-12-24,3557,3859.71428571429
"725",2020-12-25,2379,3830.71428571429
"726",2020-12-26,4005,3802
"727",2020-12-27,3486,3737.42857142857
"728",2020-12-28,4182,3685.71428571429
"729",2020-12-29,4352,3654.28571428571
"730",2020-12-30,4201,3576.28571428571
"731",2020-12-31,3195,3598.85714285714
"732",2021-01-01,2159,3640.57142857143
"733",2021-01-02,3459,3663.71428571429
"734",2021-01-03,3644,3697.71428571429
"735",2021-01-04,4474,3869.28571428571
"736",2021-01-05,4514,4208.28571428571
"737",2021-01-06,4439,4274.42857142857
"738",2021-01-07,4396,4246.28571428571
"739",2021-01-08,4532,4243.14285714286
"740",2021-01-09,3922,4220
"741",2021-01-10,3447,4184.28571428571
"742",2021-01-11,4452,4180
"743",2021-01-12,4352,4179.28571428571
"744",2021-01-13,4189,4190.57142857143
"745",2021-01-14,4366,4184.42857142857
"746",2021-01-15,4527,4177.42857142857
"747",2021-01-16,4001,4195.42857142857
"748",2021-01-17,3404,4190.14285714286
"749",2021-01-18,4403,4199.71428571429
"750",2021-01-19,4478,4223
"751",2021-01-20,4152,4200.71428571429
"752",2021-01-21,4433,4166.28571428571
"753",2021-01-22,4690,4154.85714285714
"754",2021-01-23,3845,4142.57142857143
"755",2021-01-24,3163,4148.14285714286
"756",2021-01-25,4323,4121.14285714286
"757",2021-01-26,4392,4079.14285714286
"758",2021-01-27,4191,4062.85714285714
"759",2021-01-28,4244,4079.14285714286
"760",2021-01-29,4396,4031.28571428571
"761",2021-01-30,3731,3968.28571428571
"762",2021-01-31,3277,3949.57142857143
"763",2021-02-01,3988,3916.57142857143
"764",2021-02-02,3951,3859.71428571429
"765",2021-02-03,4060,3794
"766",2021-02-04,4013,3730.71428571429
"767",2021-02-05,3998,3746.71428571429
"768",2021-02-06,3271,3766.14285714286
"769",2021-02-07,2834,3784
"770",2021-02-08,4100,3816.71428571429
"771",2021-02-09,4087,3925.42857142857
"772",2021-02-10,4185,3946.57142857143
"773",2021-02-11,4242,3870.85714285714
"774",2021-02-12,4759,3670.57142857143
"775",2021-02-13,3419,3499.71428571429
"776",2021-02-14,2304,3499
"777",2021-02-15,2698,3441.57142857143
"778",2021-02-16,2891,3337.14285714286
"779",2021-02-17,4180,3327.57142857143
"780",2021-02-18,3840,3443
"781",2021-02-19,4028,3649.85714285714
"782",2021-02-20,3352,3827.14285714286
"783",2021-02-21,3112,3801.57142857143
"784",2021-02-22,4146,3820.85714285714
"785",2021-02-23,4132,3819
"786",2021-02-24,4001,3787.85714285714
"787",2021-02-25,3975,3738.28571428571
"788",2021-02-26,4015,3693
"789",2021-02-27,3134,3674.85714285714
"790",2021-02-28,2765,3676.28571428571
"791",2021-03-01,3829,3687.42857142857
"792",2021-03-02,4005,3699.57142857143
"793",2021-03-03,4011,3684.28571428571
"794",2021-03-04,4053,3650.14285714286
"795",2021-03-05,4100,3620.28571428571
"796",2021-03-06,3027,3573
"797",2021-03-07,2526,3548.57142857143
"798",2021-03-08,3620,3529.85714285714
"799",2021-03-09,3674,3519.57142857143
"800",2021-03-10,3840,3524
"801",2021-03-11,3922,3504.85714285714
"802",2021-03-12,4028,3483.85714285714
"803",2021-03-13,3058,3438
"804",2021-03-14,2392,3379.42857142857
"805",2021-03-15,3473,3293.57142857143
"806",2021-03-16,3353,3223.71428571429
"807",2021-03-17,3430,3150.14285714286
"808",2021-03-18,3321,3123.71428571429
"809",2021-03-19,3539,3092.71428571429
"810",2021-03-20,2543,3035.57142857143
"811",2021-03-21,2207,2993
"812",2021-03-22,3256,2976.71428571429
"813",2021-03-23,2953,2953.14285714286
"814",2021-03-24,3132,2966.85714285714
"815",2021-03-25,3207,2934.42857142857
"816",2021-03-26,3374,2922.85714285714
"817",2021-03-27,2639,2936
"818",2021-03-28,1980,2966.14285714286
"819",2021-03-29,3175,3009.85714285714
"820",2021-03-30,3045,2856.57142857143
"821",2021-03-31,3343,2726.85714285714
"822",2021-04-01,3513,2755.14285714286
"823",2021-04-02,2301,2757.71428571429
"824",2021-04-03,1731,2741.28571428571
"825",2021-04-04,2178,2710
"826",2021-04-05,3193,2678.42857142857
"827",2021-04-06,2930,2804.57142857143
"828",2021-04-07,3124,2880.85714285714
"829",2021-04-08,3292,2870.14285714286
"830",2021-04-09,3184,2852
"831",2021-04-10,2265,2855.71428571429
"832",2021-04-11,2103,2888.71428571429
"833",2021-04-12,3066,2895.14285714286
"834",2021-04-13,2956,2927.42857142857
"835",2021-04-14,3355,2945.42857142857
"836",2021-04-15,3337,2939.14285714286
"837",2021-04-16,3410,2934
"838",2021-04-17,2391,2963.71428571429
"839",2021-04-18,2059,2869.57142857143
"840",2021-04-19,3030,2830.85714285714
"841",2021-04-20,3164,2829.14285714286
"842",2021-04-21,2696,2821.85714285714
"843",2021-04-22,3066,2857
"844",2021-04-23,3398,2904.14285714286
"845",2021-04-24,2340,2900.14285714286
"846",2021-04-25,2305,2972.85714285714
"847",2021-04-26,3360,3028.85714285714
"848",2021-04-27,3136,3038.85714285714
"849",2021-04-28,3205,3082.14285714286
"850",2021-04-29,3458,3090.42857142857
"851",2021-04-30,3468,3102.71428571429
"852",2021-05-01,2643,3121.71428571429
"853",2021-05-02,2363,3148.57142857143
"854",2021-05-03,3446,3155
"855",2021-05-04,3269,3171
"856",2021-05-05,3393,3144.14285714286
"857",2021-05-06,3503,3122.42857142857
"858",2021-05-07,3580,3142.71428571429
"859",2021-05-08,2455,3194.85714285714
"860",2021-05-09,2211,3227.57142857143
"861",2021-05-10,3588,3230.71428571429
"862",2021-05-11,3634,3267.71428571429
"863",2021-05-12,3622,3301
"864",2021-05-13,3525,3366.14285714286
"865",2021-05-14,3839,3376
"866",2021-05-15,2688,3388
"867",2021-05-16,2667,3405
"868",2021-05-17,3657,3463.14285714286
"869",2021-05-18,3718,3497.42857142857
"870",2021-05-19,3741,3488.42857142857
"871",2021-05-20,3932,3477
"872",2021-05-21,4079,3479
"873",2021-05-22,2625,3477.42857142857
"874",2021-05-23,2587,3489
"875",2021-05-24,3671,3519.71428571429
"876",2021-05-25,3707,3519.28571428571
"877",2021-05-26,3822,3553.57142857143
"878",2021-05-27,4147,3538.42857142857
"879",2021-05-28,4076,3550
"880",2021-05-29,2865,3545.14285714286
"881",2021-05-30,2481,3602.14285714286
"882",2021-05-31,3752,3512
"883",2021-06-01,3673,3325.14285714286
"884",2021-06-02,4221,3250.28571428571
"885",2021-06-03,3516,3314.28571428571
"886",2021-06-04,2768,3356
"887",2021-06-05,2341,3361
"888",2021-06-06,2929,3338.85714285714
"889",2021-06-07,4044,3417.28571428571
"890",2021-06-08,3708,3629.85714285714
"891",2021-06-09,4066,3776
"892",2021-06-10,4065,3766.71428571429
"893",2021-06-11,4256,3789.42857142857
"894",2021-06-12,3364,3831.57142857143
"895",2021-06-13,2864,3814
"896",2021-06-14,4203,3830.28571428571
"897",2021-06-15,4003,3857.57142857143
"898",2021-06-16,3943,3829.42857142857
"899",2021-06-17,4179,3842.42857142857
"900",2021-06-18,4447,3821.57142857143
"901",2021-06-19,3167,3793.85714285714
"902",2021-06-20,2955,3811.85714285714
"903",2021-06-21,4057,3814.85714285714
"904",2021-06-22,3809,3830.57142857143
"905",2021-06-23,4069,3832.42857142857
"906",2021-06-24,4200,3816.42857142857
"907",2021-06-25,4557,3816.85714285714
"908",2021-06-26,3180,3795.42857142857
"909",2021-06-27,2843,3789
"910",2021-06-28,4060,3844.42857142857
"911",2021-06-29,3659,3865.57142857143
"912",2021-06-30,4024,3928.28571428571
"913",2021-07-01,4588,3984.42857142857
"914",2021-07-02,4705,4022.85714285714
"915",2021-07-03,3619,4121.28571428571
"916",2021-07-04,3236,4221.42857142857
"917",2021-07-05,4329,4225
"918",2021-07-06,4348,4219.28571428571
"919",2021-07-07,4725,4206.28571428571
"920",2021-07-08,4613,4242.42857142857
"921",2021-07-09,4665,4271.42857142857
"922",2021-07-10,3528,4265.85714285714
"923",2021-07-11,3489,4239.85714285714
"924",2021-07-12,4532,4231.71428571429
"925",2021-07-13,4309,4228.57142857143
"926",2021-07-14,4543,4231.14285714286
"927",2021-07-15,4556,4200
"928",2021-07-16,4643,4208.14285714286
"929",2021-07-17,3546,4249.85714285714
"930",2021-07-18,3271,4300
"931",2021-07-19,4589,4347.14285714286
"932",2021-07-20,4601,4394.71428571429
"933",2021-07-21,4894,4445
"934",2021-07-22,4886,4480.42857142857
"935",2021-07-23,4976,4470.71428571429
"936",2021-07-24,3898,4443.85714285714
"937",2021-07-25,3519,4361.42857142857
"938",2021-07-26,4521,4353.42857142857
"939",2021-07-27,4413,4345.14285714286
"940",2021-07-28,4317,4324.57142857143
"941",2021-07-29,4830,4306.42857142857
"942",2021-07-30,4918,4312.28571428571
"943",2021-07-31,3754,4320.14285714286
"944",2021-08-01,3392,4350.57142857143
"945",2021-08-02,4562,4346.28571428571
"946",2021-08-03,4468,4350.14285714286
"947",2021-08-04,4530,4339.71428571429
"948",2021-08-05,4800,4326.85714285714
"949",2021-08-06,4945,4302.57142857143
"950",2021-08-07,3681,4328.57142857143
"951",2021-08-08,3302,4361.28571428571
"952",2021-08-09,4392,4356
"953",2021-08-10,4650,4326.57142857143
"954",2021-08-11,4759,4327.28571428571
"955",2021-08-12,4763,4344.42857142857
"956",2021-08-13,4739,4360
"957",2021-08-14,3686,4358.42857142857
"958",2021-08-15,3422,4375.71428571429
"959",2021-08-16,4501,4415
"960",2021-08-17,4639,4455.57142857143
"961",2021-08-18,4880,4460.14285714286
"962",2021-08-19,5038,4438.42857142857
"963",2021-08-20,5023,4429
"964",2021-08-21,3718,4420.57142857143
"965",2021-08-22,3270,4391.85714285714
"966",2021-08-23,4435,4359.28571428571
"967",2021-08-24,4580,4347.14285714286
"968",2021-08-25,4679,4329.14285714286
"969",2021-08-26,4810,4319.85714285714
"970",2021-08-27,4938,4334.85714285714
"971",2021-08-28,3592,4332.57142857143
"972",2021-08-29,3205,4373.42857142857
"973",2021-08-30,4540,4457.28571428571
"974",2021-08-31,4564,4583.85714285714
"975",2021-09-01,4965,4685.71428571429
"976",2021-09-02,5397,4621.85714285714
"977",2021-09-03,5824,4458.57142857143
"978",2021-09-04,4305,4436.28571428571
"979",2021-09-05,2758,4429.42857142857
"980",2021-09-06,3397,4375.14285714286
"981",2021-09-07,4408,4264.42857142857
"982",2021-09-08,4917,4223.42857142857
"983",2021-09-09,5017,4371.14285714286
"984",2021-09-10,5049,4576
"985",2021-09-11,4018,4627.71428571429
"986",2021-09-12,3792,4618.14285714286
"987",2021-09-13,4831,4596.85714285714
"988",2021-09-14,4770,4608.57142857143
"989",2021-09-15,4850,4625
"990",2021-09-16,4868,4598.57142857143
"991",2021-09-17,5131,4610.57142857143
"992",2021-09-18,4133,4637.28571428571
"993",2021-09-19,3607,4674.14285714286
"994",2021-09-20,4915,4728.57142857143
"995",2021-09-21,4957,4758.85714285714
"996",2021-09-22,5108,4753.42857142857
"997",2021-09-23,5249,4755.14285714286
"998",2021-09-24,5343,4758.28571428571
"999",2021-09-25,4095,4783
"1000",2021-09-26,3619,4769.57142857143
"1001",2021-09-27,4937,4756
"1002",2021-09-28,5130,4718.28571428571
"1003",2021-09-29,5014,4721.28571428571
"1004",2021-09-30,5154,4707.57142857143
"1005",2021-10-01,5079,4691
"1006",2021-10-02,4116,4668
"1007",2021-10-03,3523,4697.71428571429
"1008",2021-10-04,4821,4701.71428571429
"1009",2021-10-05,4969,4821.14285714286
"1010",2021-10-06,5222,4827.85714285714
"1011",2021-10-07,5182,4663.42857142857
"1012",2021-10-08,5915,4363.14285714286
"1013",2021-10-09,4163,4242
"1014",2021-10-10,2372,4221.28571428571
"1015",2021-10-11,2719,4196.57142857143
"1016",2021-10-12,4121,4081.14285714286
"1017",2021-10-13,5077,4066
"1018",2021-10-14,5009,4249.85714285714
"1019",2021-10-15,5107,4529.85714285714
"1020",2021-10-16,4057,4628
"1021",2021-10-17,3659,4638
"1022",2021-10-18,4679,4691.28571428571
"1023",2021-10-19,4808,4757.85714285714
"1024",2021-10-20,5147,4781.85714285714
"1025",2021-10-21,5382,4763.85714285714
"1026",2021-10-22,5573,4811.71428571429
"1027",2021-10-23,4225,4851.28571428571
"1028",2021-10-24,3533,4847.71428571429
"1029",2021-10-25,5014,4822.42857142857
"1030",2021-10-26,5085,4822.85714285714
"1031",2021-10-27,5122,4865.71428571429
"1032",2021-10-28,5205,4783
"1033",2021-10-29,5576,4558.57142857143
"1034",2021-10-30,4525,4498.71428571429
"1035",2021-10-31,2954,4548.28571428571
"1036",2021-11-01,3443,4599.14285714286
"1037",2021-11-02,4666,4615
"1038",2021-11-03,5469,4615.28571428571
"1039",2021-11-04,5561,4804.14285714286
"1040",2021-11-05,5687,5038.85714285714
"1041",2021-11-06,4527,5121.28571428571
"1042",2021-11-07,4276,5095.14285714286
"1043",2021-11-08,5086,5041
"1044",2021-11-09,5243,5023.71428571429
"1045",2021-11-10,5286,5053.85714285714
"1046",2021-11-11,5182,4946.14285714286
"1047",2021-11-12,5566,4842.14285714286
"1048",2021-11-13,4738,4846.71428571429
"1049",2021-11-14,3522,4836.14285714286
"1050",2021-11-15,4358,4839.42857142857
"1051",2021-11-16,5275,4784
"1052",2021-11-17,5212,4748.28571428571
"1053",2021-11-18,5205,4847.85714285714
"1054",2021-11-19,5178,4994.85714285714
"1055",2021-11-20,4488,5022.57142857143
"1056",2021-11-21,4219,5072
"1057",2021-11-22,5387,5132
"1058",2021-11-23,5469,5165.14285714286
"1059",2021-11-24,5558,5184.28571428571
"1060",2021-11-25,5625,5197.85714285714
"1061",2021-11-26,5410,5173.28571428571
"1062",2021-11-27,4622,5152.85714285714
"1063",2021-11-28,4314,5165.71428571429
"1064",2021-11-29,5215,5176.42857142857
"1065",2021-11-30,5326,5210.71428571429
"1066",2021-12-01,5648,5234
"1067",2021-12-02,5700,5255.57142857143
"1068",2021-12-03,5650,5279.42857142857
"1069",2021-12-04,4785,5306.71428571429
"1070",2021-12-05,4465,5304.85714285714
"1071",2021-12-06,5382,5353.42857142857
"1072",2021-12-07,5517,5422.14285714286
"1073",2021-12-08,5635,5468
"1074",2021-12-09,6040,5496
"1075",2021-12-10,6131,5522.71428571429
"1076",2021-12-11,5106,5530
"1077",2021-12-12,4661,5531.71428571429
"1078",2021-12-13,5569,5530
"1079",2021-12-14,5568,5488
"1080",2021-12-15,5647,5494.57142857143
"1081",2021-12-16,6028,5483
"1082",2021-12-17,5837,5495.42857142857
"1083",2021-12-18,5152,5528.14285714286
"1084",2021-12-19,4580,5565.85714285714
"1085",2021-12-20,5656,5510.42857142857
"1086",2021-12-21,5797,5306.57142857143
"1087",2021-12-22,5911,5014.57142857143
"1088",2021-12-23,5640,5066.28571428571
"1089",2021-12-24,4410,5050.71428571429
"1090",2021-12-25,3108,5005.28571428571
"1091",2021-12-26,4942,4925.14285714286
"1092",2021-12-27,5547,4843.42857142857
"1093",2021-12-28,5479,4797.71428571429
"1094",2021-12-29,5350,4778.28571428571
"1095",2021-12-30,5068,4739.28571428571
"1096",2021-12-31,4090,4716.28571428571
"1097",2022-01-01,2972,4674.28571428571
"1098",2022-01-02,4669,4643.85714285714
"1099",2022-01-03,5386,4631.85714285714
"1100",2022-01-04,5185,4746.71428571429
"1101",2022-01-05,5137,4944
"1102",2022-01-06,4984,4900.85714285714
"1103",2022-01-07,4894,4837.28571428571
"1104",2022-01-08,4353,4806
"1105",2022-01-09,4367,4807.14285714286
"1106",2022-01-10,4941,4840.85714285714
"1107",2022-01-11,4966,4890.14285714286
"1108",2022-01-12,5145,4892.42857142857
"1109",2022-01-13,5220,4871.57142857143
"1110",2022-01-14,5239,4883.57142857143
"1111",2022-01-15,4369,4890.14285714286
"1112",2022-01-16,4221,4888.85714285714
"1113",2022-01-17,5025,4890
"1114",2022-01-18,5012,4916.42857142857
"1115",2022-01-19,5136,4956.28571428571
"1116",2022-01-20,5228,4958.14285714286
"1117",2022-01-21,5424,4956.85714285714
"1118",2022-01-22,4648,4999
"1119",2022-01-23,4234,5027.85714285714
"1120",2022-01-24,5016,5063.28571428571
"1121",2022-01-25,5307,5055.85714285714
"1122",2022-01-26,5338,5033.42857142857
"1123",2022-01-27,5476,5052.57142857143
"1124",2022-01-28,5372,5074.57142857143
"1125",2022-01-29,4491,5012.71428571429
"1126",2022-01-30,4368,4973
"1127",2022-01-31,5170,4920.28571428571
"1128",2022-02-01,4874,4893.57142857143
"1129",2022-02-02,5060,4877
"1130",2022-02-03,5107,4813.14285714286
"1131",2022-02-04,5185,4736
"1132",2022-02-05,4375,4766.28571428571
"1133",2022-02-06,3921,4787.71428571429
"1134",2022-02-07,4630,4830.57142857143
"1135",2022-02-08,5086,4876.57142857143
"1136",2022-02-09,5210,4884
"1137",2022-02-10,5407,4891.57142857143
"1138",2022-02-11,5507,4987.14285714286
"1139",2022-02-12,4427,5027.28571428571
"1140",2022-02-13,3974,5073.28571428571
"1141",2022-02-14,5299,5080
"1142",2022-02-15,5367,5084.71428571429
"1143",2022-02-16,5532,5092.57142857143
"1144",2022-02-17,5454,5103.14285714286
"1145",2022-02-18,5540,5102
"1146",2022-02-19,4482,5108
"1147",2022-02-20,4048,5110
"1148",2022-02-21,5291,5163
"1149",2022-02-22,5409,5291.14285714286
"1150",2022-02-23,5546,5334.28571428571
"1151",2022-02-24,5825,5189.14285714286
"1152",2022-02-25,6437,4863.57142857143
"1153",2022-02-26,4784,4637.57142857143
"1154",2022-02-27,3032,4612.71428571429
"1155",2022-02-28,3012,4531.42857142857
"1156",2022-03-01,3827,4334.71428571429
"1157",2022-03-02,5372,4326.85714285714
"1158",2022-03-03,5256,4525.28571428571
"1159",2022-03-04,5060,4894.85714285714
"1160",2022-03-05,4729,5163.14285714286
"1161",2022-03-06,4421,5188.71428571429
"1162",2022-03-07,5599,5306
"1163",2022-03-08,5705,5428.57142857143
"1164",2022-03-09,5551,5404.28571428571
"1165",2022-03-10,6077,5355.57142857143
"1166",2022-03-11,5918,5305.14285714286
"1167",2022-03-12,4559,5270.42857142857
"1168",2022-03-13,4080,5270.85714285714
"1169",2022-03-14,5246,5257.14285714286
"1170",2022-03-15,5462,5295.42857142857
"1171",2022-03-16,5554,5320
"1172",2022-03-17,5981,5332.85714285714
"1173",2022-03-18,6186,5376.28571428571
"1174",2022-03-19,4731,5410.57142857143
"1175",2022-03-20,4170,5444.28571428571
"1176",2022-03-21,5550,5415.71428571429
"1177",2022-03-22,5702,5372.85714285714
"1178",2022-03-23,5790,5375
"1179",2022-03-24,5781,5401
"1180",2022-03-25,5886,5432.85714285714
"1181",2022-03-26,4746,5471.71428571429
"1182",2022-03-27,4352,5450.28571428571
"1183",2022-03-28,5773,5452.28571428571
"1184",2022-03-29,5974,5449.42857142857
"1185",2022-03-30,5640,5428.71428571429
"1186",2022-03-31,5795,5424.14285714286
"1187",2022-04-01,5866,5404.85714285714
"1188",2022-04-02,4601,5404.28571428571
"1189",2022-04-03,4320,5459.42857142857
"1190",2022-04-04,5638,5516.42857142857
"1191",2022-04-05,5970,5588
"1192",2022-04-06,6026,5648.57142857143
"1193",2022-04-07,6194,5691
"1194",2022-04-08,6367,5705.57142857143
"1195",2022-04-09,5025,5714.85714285714
"1196",2022-04-10,4617,5732.71428571429
"1197",2022-04-11,5740,5730.28571428571
"1198",2022-04-12,6035,5446.14285714286
"1199",2022-04-13,6151,5224.85714285714
"1200",2022-04-14,6177,5218.28571428571
"1201",2022-04-15,4378,5206.42857142857
"1202",2022-04-16,3476,5139.85714285714
"1203",2022-04-17,4571,5142.57142857143
"1204",2022-04-18,5657,5040.28571428571
"1205",2022-04-19,5569,5039
"1206",2022-04-20,6170,5108
"1207",2022-04-21,5461,5185.28571428571
"1208",2022-04-22,4369,5259.14285714286
"1209",2022-04-23,3959,5364.28571428571
"1210",2022-04-24,5112,5397.42857142857
"1211",2022-04-25,6174,5527.71428571429
"1212",2022-04-26,6305,5790.28571428571
"1213",2022-04-27,6402,5917.71428571429
"1214",2022-04-28,6373,5858.14285714286
"1215",2022-04-29,6207,5811.71428571429
"1216",2022-04-30,4851,5737.71428571429
"1217",2022-05-01,4695,5621.57142857143
"1218",2022-05-02,5849,5627
"1219",2022-05-03,5787,5652.14285714286
"1220",2022-05-04,5589,5639
"1221",2022-05-05,6411,5570.28571428571
"1222",2022-05-06,6383,5561.14285714286
"1223",2022-05-07,4759,5601.42857142857
"1224",2022-05-08,4214,5652.28571428571
"1225",2022-05-09,5785,5626.14285714286
"1226",2022-05-10,6069,5627.14285714286
"1227",2022-05-11,5945,5640.42857142857
"1228",2022-05-12,6228,5638
"1229",2022-05-13,6390,5653.14285714286
"1230",2022-05-14,4852,5624.71428571429
"1231",2022-05-15,4197,5609
"1232",2022-05-16,5891,5584.57142857143
"1233",2022-05-17,5870,5594.57142857143
"1234",2022-05-18,5835,5631.57142857143
"1235",2022-05-19,6057,5681.85714285714
"1236",2022-05-20,6460,5675.85714285714
"1237",2022-05-21,5111,5729
"1238",2022-05-22,4549,5775.14285714286
"1239",2022-05-23,5849,5830
"1240",2022-05-24,6242,5818.28571428571
"1241",2022-05-25,6158,5804.14285714286
"1242",2022-05-26,6441,5795.14285714286
"1243",2022-05-27,6378,5805.85714285714
"1244",2022-05-28,5012,5744.85714285714
"1245",2022-05-29,4486,5731.28571428571
"1246",2022-05-30,5924,5646.85714285714
"1247",2022-05-31,5815,5584.42857142857
"1248",2022-06-01,6063,5537.71428571429
"1249",2022-06-02,5850,5525.85714285714
"1250",2022-06-03,5941,5517
"1251",2022-06-04,4685,5529
"1252",2022-06-05,4403,5511.42857142857
"1253",2022-06-06,5862,5526.57142857143
"1254",2022-06-07,5899,5555
"1255",2022-06-08,5940,5603.57142857143
"1256",2022-06-09,5956,5625.42857142857
"1257",2022-06-10,6140,5705.57142857143
"1258",2022-06-11,5025,5756.28571428571
"1259",2022-06-12,4556,5891.85714285714
"1260",2022-06-13,6423,5810.57142857143
"1261",2022-06-14,6254,5495.14285714286
"1262",2022-06-15,6889,5327.28571428571
"1263",2022-06-16,5387,5371
"1264",2022-06-17,3932,5336.42857142857
"1265",2022-06-18,3850,5342.14285714286
"1266",2022-06-19,4862,5256
"1267",2022-06-20,6181,5443
"1268",2022-06-21,6294,5821
"1269",2022-06-22,6286,6012.42857142857
"1270",2022-06-23,6696,5966.85714285714
"1271",2022-06-24,6578,5996
"1272",2022-06-25,5190,6015.85714285714
"1273",2022-06-26,4543,6027.57142857143
"1274",2022-06-27,6385,6012.42857142857
"1275",2022-06-28,6433,6054
"1276",2022-06-29,6368,6097.85714285714
"1277",2022-06-30,6590,6175.42857142857
"1278",2022-07-01,6869,6186.14285714286
"1279",2022-07-02,5497,6182.42857142857
"1280",2022-07-03,5086,6182.28571428571
"1281",2022-07-04,6460,6177.14285714286
"1282",2022-07-05,6407,6132.14285714286
"1283",2022-07-06,6367,6111.57142857143
"1284",2022-07-07,6554,6110.14285714286
"1285",2022-07-08,6554,6080.42857142857
"1286",2022-07-09,5353,6071.71428571429
"1287",2022-07-10,5076,6061.57142857143
"1288",2022-07-11,6252,6033.85714285714
"1289",2022-07-12,6346,6048.85714285714
"1290",2022-07-13,6296,6069.28571428571
"1291",2022-07-14,6360,6079.42857142857
"1292",2022-07-15,6659,6087.85714285714
"1293",2022-07-16,5496,6116.28571428571
"1294",2022-07-17,5147,6136.28571428571
"1295",2022-07-18,6311,6200.14285714286
"1296",2022-07-19,6545,6212.71428571429
"1297",2022-07-20,6436,6228
"1298",2022-07-21,6807,6254.42857142857
"1299",2022-07-22,6747,6287
"1300",2022-07-23,5603,6293.71428571429
"1301",2022-07-24,5332,6311.14285714286
"1302",2022-07-25,6539,6288.71428571429
"1303",2022-07-26,6592,6245.71428571429
"1304",2022-07-27,6558,6234.85714285714
"1305",2022-07-28,6650,6222
"1306",2022-07-29,6446,6183.28571428571
"1307",2022-07-30,5527,6139.57142857143
"1308",2022-07-31,5242,6110
"1309",2022-08-01,6268,6075.14285714286
"1310",2022-08-02,6286,6107.28571428571
"1311",2022-08-03,6351,6045.85714285714
"1312",2022-08-04,6406,5970.42857142857
"1313",2022-08-05,6671,5902
"1314",2022-08-06,5097,5838
"1315",2022-08-07,4714,5763
"1316",2022-08-08,5789,5759.71428571429
"1317",2022-08-09,5838,5770.28571428571
"1318",2022-08-10,5826,5775.57142857143
"1319",2022-08-11,6383,5784.71428571429
"1320",2022-08-12,6745,5815.57142857143
"1321",2022-08-13,5134,5864.57142857143
"1322",2022-08-14,4778,5927
"1323",2022-08-15,6005,5903
"1324",2022-08-16,6181,5860.85714285714
"1325",2022-08-17,6263,5866
"1326",2022-08-18,6215,5911.28571428571
"1327",2022-08-19,6450,5914.71428571429
"1328",2022-08-20,5170,5912.28571428571
"1329",2022-08-21,5095,5940.28571428571
"1330",2022-08-22,6029,6000.57142857143
"1331",2022-08-23,6164,6060.42857142857
"1332",2022-08-24,6459,6080.57142857143
"1333",2022-08-25,6637,6066.14285714286
"1334",2022-08-26,6869,6042.71428571429
"1335",2022-08-27,5311,6045.57142857143
"1336",2022-08-28,4994,6022.28571428571
"1337",2022-08-29,5865,6020.14285714286
"1338",2022-08-30,6184,5983.85714285714
"1339",2022-08-31,6296,5959.14285714286
"1340",2022-09-01,6622,5889.85714285714
"1341",2022-09-02,6615,5898
"1342",2022-09-03,5138,5857.71428571429
"1343",2022-09-04,4509,5730.28571428571
"1344",2022-09-05,5922,5631.71428571429
"1345",2022-09-06,5902,5575.14285714286
"1346",2022-09-07,5404,5534.42857142857
"1347",2022-09-08,5932,5619
"1348",2022-09-09,6219,5664.42857142857
"1349",2022-09-10,4853,5730.85714285714
"1350",2022-09-11,5101,5836.14285714286
"1351",2022-09-12,6240,5905.14285714286
"1352",2022-09-13,6367,5906.14285714286
"1353",2022-09-14,6141,5965.57142857143
"1354",2022-09-15,6415,5956.42857142857
"1355",2022-09-16,6226,5958.57142857143
"1356",2022-09-17,5269,5964.42857142857
"1357",2022-09-18,5037,5983.71428571429
"1358",2022-09-19,6255,5956.57142857143
"1359",2022-09-20,6408,6072.42857142857
"1360",2022-09-21,6276,6122.71428571429
"1361",2022-09-22,6225,6137.85714285714
"1362",2022-09-23,7037,6087.71428571429
"1363",2022-09-24,5621,6054
"1364",2022-09-25,5143,6000.71428571429
"1365",2022-09-26,5904,5989.14285714286
"1366",2022-09-27,6172,5881.85714285714
"1367",2022-09-28,5903,5810
"1368",2022-09-29,6144,5755.57142857143
"1369",2022-09-30,6286,5802
"1370",2022-10-01,5118,5841.85714285714
"1371",2022-10-02,4762,5956.71428571429
"1372",2022-10-03,6229,6021.57142857143
"1373",2022-10-04,6451,6066.14285714286
"1374",2022-10-05,6707,6169.42857142857
"1375",2022-10-06,6598,6120.42857142857
"1376",2022-10-07,6598,6007.28571428571
"1377",2022-10-08,5841,5945.42857142857
"1378",2022-10-09,4419,5758.85714285714
"1379",2022-10-10,5437,5690.42857142857
"1380",2022-10-11,6018,5601.14285714286
"1381",2022-10-12,5401,5472.28571428571
"1382",2022-10-13,6119,5580.28571428571
"1383",2022-10-14,5973,5729.42857142857
"1384",2022-10-15,4939,5771.57142857143
"1385",2022-10-16,5175,5931.14285714286
"1386",2022-10-17,6481,6001.42857142857
"1387",2022-10-18,6313,6085.42857142857
"1388",2022-10-19,6518,6142.71428571429
"1389",2022-10-20,6611,6112
"1390",2022-10-21,6561,6082.14285714286
"1391",2022-10-22,5340,6096.71428571429
"1392",2022-10-23,4960,6106.14285714286
"1393",2022-10-24,6272,6114.28571428571
"1394",2022-10-25,6415,6115.42857142857
"1395",2022-10-26,6584,6078.85714285714
"1396",2022-10-27,6668,6064
"1397",2022-10-28,6569,5958.42857142857
"1398",2022-10-29,5084,5850.57142857143
"1399",2022-10-30,4856,5625.57142857143
"1400",2022-10-31,5533,5548.42857142857
"1401",2022-11-01,5660,5547.85714285714
"1402",2022-11-02,5009,5590.14285714286
"1403",2022-11-03,6128,5622
"1404",2022-11-04,6565,5714.42857142857
"1405",2022-11-05,5380,5850.57142857143
"1406",2022-11-06,5079,6096.14285714286
"1407",2022-11-07,6180,6226
"1408",2022-11-08,6613,6279.57142857143
"1409",2022-11-09,6728,6330.57142857143
"1410",2022-11-10,7037,6206.57142857143
"1411",2022-11-11,6940,5966.28571428571
"1412",2022-11-12,5737,5838.57142857143
"1413",2022-11-13,4211,5809.71428571429
"1414",2022-11-14,4498,5778.57142857143
"1415",2022-11-15,5719,5771.42857142857
"1416",2022-11-16,6526,5748.42857142857
"1417",2022-11-17,6819,5854.85714285714
"1418",2022-11-18,6890,6123.85714285714
"1419",2022-11-19,5576,6207.14285714286
"1420",2022-11-20,4956,6189.28571428571
"1421",2022-11-21,6381,6076.14285714286
"1422",2022-11-22,6302,6024.42857142857
"1423",2022-11-23,6401,5962.28571428571
"1424",2022-11-24,6027,5948
"1425",2022-11-25,6528,5824.71428571429
"1426",2022-11-26,5141,5809.85714285714
"1427",2022-11-27,4856,5782
"1428",2022-11-28,5518,5884.71428571429
"1429",2022-11-29,6198,5863.42857142857
"1430",2022-11-30,6206,5896.85714285714
"1431",2022-12-01,6746,5929.85714285714
"1432",2022-12-02,6379,5983.57142857143
"1433",2022-12-03,5375,5976
"1434",2022-12-04,5087,6034.28571428571
"1435",2022-12-05,5894,6087
"1436",2022-12-06,6145,6089.85714285714
"1437",2022-12-07,6614,6118.85714285714
"1438",2022-12-08,7115,6142.71428571429
"1439",2022-12-09,6399,6194.71428571429
"1440",2022-12-10,5578,6164.85714285714
"1441",2022-12-11,5254,6213.57142857143
"1442",2022-12-12,6258,6196.71428571429
"1443",2022-12-13,5936,6310.71428571429
"1444",2022-12-14,6955,6367.42857142857
"1445",2022-12-15,6997,6332.14285714286
"1446",2022-12-16,7197,6301
"1447",2022-12-17,5975,6321
"1448",2022-12-18,5007,6209
"1449",2022-12-19,6040,6150.42857142857
"1450",2022-12-20,6076,6068.42857142857
"1451",2022-12-21,6171,5866
"1452",2022-12-22,6587,5639.71428571429
"1453",2022-12-23,6623,5664
"1454",2022-12-24,4558,5722.42857142857
"1455",2022-12-25,3423,5736
"1456",2022-12-26,6210,5670
"1457",2022-12-27,6485,5556.42857142857
"1458",2022-12-28,6266,5524.28571428571
"1459",2022-12-29,6125,5559.14285714286
"1460",2022-12-30,5828,5571.42857142857
"1461",2022-12-31,4333,5557.42857142857
"1462",2023-01-01,3667,5519.28571428571
"1463",2023-01-02,6296,5527.42857142857
"1464",2023-01-03,6387,5572.28571428571
"1465",2023-01-04,5999,5701.71428571429
"1466",2023-01-05,6182,5914.57142857143
"1467",2023-01-06,6142,5892.85714285714
"1468",2023-01-07,5239,5861.14285714286
"1469",2023-01-08,5157,5891.71428571429
"1470",2023-01-09,6144,5929.57142857143
"1471",2023-01-10,6165,5992.28571428571
"1472",2023-01-11,6213,6017.85714285714
"1473",2023-01-12,6447,6018.42857142857
"1474",2023-01-13,6581,6039.42857142857
"1475",2023-01-14,5418,6076
"1476",2023-01-15,5161,6098.85714285714
"1477",2023-01-16,6291,6101.28571428571
"1478",2023-01-17,6421,6089.42857142857
"1479",2023-01-18,6373,6091.28571428571
"1480",2023-01-19,6464,6084.85714285714
"1481",2023-01-20,6498,6077.14285714286
"1482",2023-01-21,5431,6063.85714285714
"1483",2023-01-22,5116,6123.14285714286
"1484",2023-01-23,6237,6171
"1485",2023-01-24,6328,6232.14285714286
"1486",2023-01-25,6788,6251.28571428571
"1487",2023-01-26,6799,6268
"1488",2023-01-27,6926,6261.85714285714
"1489",2023-01-28,5565,6282.42857142857
"1490",2023-01-29,5233,6230.57142857143
"1491",2023-01-30,6194,6193.28571428571
"1492",2023-01-31,6472,6135
"1493",2023-02-01,6425,6089.85714285714
"1494",2023-02-02,6538,6065.42857142857
"1495",2023-02-03,6518,6092.85714285714
"1496",2023-02-04,5249,6065.85714285714
"1497",2023-02-05,5062,6085
"1498",2023-02-06,6386,6114.71428571429
"1499",2023-02-07,6283,6154
"1500",2023-02-08,6559,6166.42857142857
"1501",2023-02-09,6746,6153.85714285714
"1502",2023-02-10,6793,6173.42857142857
"1503",2023-02-11,5336,6215.28571428571
"1504",2023-02-12,4974,6217.85714285714
"1505",2023-02-13,6523,6259.57142857143
"1506",2023-02-14,6576,6334.85714285714
"1507",2023-02-15,6577,6392.42857142857
"1508",2023-02-16,7038,6196.57142857143
"1509",2023-02-17,7320,5859.42857142857
"1510",2023-02-18,5739,5591.71428571429
"1511",2023-02-19,3603,5547.57142857143
"1512",2023-02-20,4163,5387.42857142857
"1513",2023-02-21,4702,5186.85714285714
"1514",2023-02-22,6268,5107
"1515",2023-02-23,5917,5323.57142857143
"1516",2023-02-24,5916,5667.42857142857
"1517",2023-02-25,5180,5923.71428571429
"1518",2023-02-26,5119,5957.57142857143
"1519",2023-02-27,6570,6064.14285714286
"1520",2023-02-28,6496,6181.57142857143
"1521",2023-03-01,6505,6181.28571428571
"1522",2023-03-02,6663,6126.14285714286
"1523",2023-03-03,6738,6073.14285714286
"1524",2023-03-04,5178,6051.14285714286
"1525",2023-03-05,4733,6040.57142857143
"1526",2023-03-06,6199,6040
"1527",2023-03-07,6342,6024
"1528",2023-03-08,6431,6024.14285714286
"1529",2023-03-09,6659,6031
"1530",2023-03-10,6626,6032.57142857143
"1531",2023-03-11,5179,6026.71428571429
"1532",2023-03-12,4781,6060.85714285714
"1533",2023-03-13,6210,6105.28571428571
"1534",2023-03-14,6301,6156.14285714286
"1535",2023-03-15,6670,6181.57142857143
"1536",2023-03-16,6970,6217.71428571429
"1537",2023-03-17,6982,6239.71428571429
"1538",2023-03-18,5357,6251.14285714286
"1539",2023-03-19,5034,6248.42857142857
"1540",2023-03-20,6364,6243.42857142857
"1541",2023-03-21,6381,6232.57142857143
"1542",2023-03-22,6651,6211.28571428571
"1543",2023-03-23,6935,6199.85714285714
"1544",2023-03-24,6906,6201.71428571429
"1545",2023-03-25,5208,6233.57142857143
"1546",2023-03-26,4954,6233.57142857143
"1547",2023-03-27,6377,6222.71428571429
"1548",2023-03-28,6604,6195.57142857143
"1549",2023-03-29,6651,6233.28571428571
"1550",2023-03-30,6859,6212.85714285714
"1551",2023-03-31,6716,6208.85714285714
"1552",2023-04-01,5472,6222.85714285714
"1553",2023-04-02,4811,6275.28571428571
"1554",2023-04-03,6349,6283.71428571429
"1555",2023-04-04,6702,6035.28571428571
"1556",2023-04-05,7018,5791.28571428571
"1557",2023-04-06,6918,5815.85714285714
"1558",2023-04-07,4977,5918.28571428571
"1559",2023-04-08,3764,5939.57142857143
"1560",2023-04-09,4983,5921.42857142857
"1561",2023-04-10,7066,5934.28571428571
"1562",2023-04-11,6851,6160
"1563",2023-04-12,6891,6381.28571428571
"1564",2023-04-13,7008,6366
"1565",2023-04-14,6557,6265.71428571429
"1566",2023-04-15,5313,6160.57142857143
"1567",2023-04-16,4876,6153.71428571429
"1568",2023-04-17,6364,6221.14285714286
"1569",2023-04-18,6115,6158.57142857143
"1570",2023-04-19,6843,5987.42857142857
"1571",2023-04-20,7480,6029.28571428571
"1572",2023-04-21,6119,6090.28571428571
"1573",2023-04-22,4115,6194.42857142857
"1574",2023-04-23,5169,6157.85714285714
"1575",2023-04-24,6791,6091.28571428571
"1576",2023-04-25,6844,6232.28571428571
"1577",2023-04-26,6587,6395.28571428571
"1578",2023-04-27,7014,6231.71428571429
"1579",2023-04-28,7106,6094.42857142857
"1580",2023-04-29,5256,6079.57142857143
"1581",2023-04-30,4024,6123.85714285714
"1582",2023-05-01,5830,6124.14285714286
"1583",2023-05-02,6740,6129.71428571429
"1584",2023-05-03,6897,6163
"1585",2023-05-04,7016,6305.14285714286
"1586",2023-05-05,7145,6417.57142857143
"1587",2023-05-06,5489,6427.28571428571
"1588",2023-05-07,5019,6358.14285714286
"1589",2023-05-08,6617,6341
"1590",2023-05-09,6808,6337.28571428571
"1591",2023-05-10,6413,6343.71428571429
"1592",2023-05-11,6896,6300.14285714286
"1593",2023-05-12,7119,6282.42857142857
"1594",2023-05-13,5534,6289
"1595",2023-05-14,4714,6367.85714285714
"1596",2023-05-15,6493,6396.85714285714
"1597",2023-05-16,6854,6384.28571428571
"1598",2023-05-17,6965,6375.14285714286
"1599",2023-05-18,7099,6417.14285714286
"1600",2023-05-19,7031,6424.14285714286
"1601",2023-05-20,5470,6404.42857142857
"1602",2023-05-21,5008,6378
"1603",2023-05-22,6542,6370.42857142857
"1604",2023-05-23,6716,6370.14285714286
"1605",2023-05-24,6780,6373.57142857143
"1606",2023-05-25,7046,6365.14285714286
"1607",2023-05-26,7029,6323.28571428571
"1608",2023-05-27,5494,6295.14285714286
"1609",2023-05-28,4949,6188.71428571429
"1610",2023-05-29,6249,6162.71428571429
"1611",2023-05-30,6519,6159.57142857143
"1612",2023-05-31,6035,6167.42857142857
"1613",2023-06-01,6864,6210.28571428571
"1614",2023-06-02,7007,6271.85714285714
"1615",2023-06-03,5549,6304.57142857143
"1616",2023-06-04,5249,6483.42857142857
"1617",2023-06-05,6680,6376.85714285714
"1618",2023-06-06,6748,6043.57142857143
"1619",2023-06-07,7287,5870.28571428571
"1620",2023-06-08,6118,5897.71428571429
"1621",2023-06-09,4674,5886.85714285714
"1622",2023-06-10,4336,5830.14285714286
"1623",2023-06-11,5441,5652.57142857143
"1624",2023-06-12,6604,5665.57142857143
"1625",2023-06-13,6351,5939.71428571429
"1626",2023-06-14,6044,6121.28571428571
"1627",2023-06-15,6209,6081.85714285714
"1628",2023-06-16,6593,6103
"1629",2023-06-17,5607,6190.57142857143
"1630",2023-06-18,5165,6342.28571428571
"1631",2023-06-19,6752,6481.42857142857
"1632",2023-06-20,6964,6567.28571428571
"1633",2023-06-21,7106,6573.57142857143
"1634",2023-06-22,7183,6572.28571428571
"1635",2023-06-23,7194,6586
"1636",2023-06-24,5651,6596.14285714286
"1637",2023-06-25,5156,6572.85714285714
"1638",2023-06-26,6848,6578.42857142857
"1639",2023-06-27,7035,6572.57142857143
"1640",2023-06-28,6943,6586.85714285714
"1641",2023-06-29,7222,6637.71428571429
"1642",2023-06-30,7153,6654
"1643",2023-07-01,5751,6640
"1644",2023-07-02,5512,6658.71428571429
"1645",2023-07-03,6962,6642.71428571429
"1646",2023-07-04,6937,6622.42857142857
"1647",2023-07-05,7074,6623.85714285714
"1648",2023-07-06,7110,6589.14285714286
"1649",2023-07-07,7011,6508.71428571429
"1650",2023-07-08,5761,6460.57142857143
"1651",2023-07-09,5269,6361.28571428571
"1652",2023-07-10,6399,6233
"1653",2023-07-11,6600,6234.85714285714
"1654",2023-07-12,6379,6266.14285714286
"1655",2023-07-13,6212,6286
"1656",2023-07-14,7024,6338.28571428571
"1657",2023-07-15,5980,6334.14285714286
"1658",2023-07-16,5408,6391.14285714286
"1659",2023-07-17,6765,6510.85714285714
"1660",2023-07-18,6571,6531.57142857143
"1661",2023-07-19,6778,6503.42857142857
"1662",2023-07-20,7050,6516.28571428571
"1663",2023-07-21,7169,6534.42857142857
"1664",2023-07-22,5783,6610.57142857143
"1665",2023-07-23,5498,6668.14285714286
"1666",2023-07-24,6892,6691.42857142857
"1667",2023-07-25,7104,6679.85714285714
"1668",2023-07-26,7181,6640.85714285714
"1669",2023-07-27,7213,6650.42857142857
"1670",2023-07-28,7088,6624
"1671",2023-07-29,5510,NA
"1672",2023-07-30,5565,NA
"1673",2023-07-31,6707,NA
