AIRPORT,PHASE,DATE,FLTS,SUM_TXXT,SUM_REF,AVG_ADD_TIME
EDDF,ARR,2019-01,18794,184513.41666666663,136864.31333333332,2.535335922812245
EDDF,ARR,2019-02,18418,175460.16666666666,131559.47708333333,2.3835752841423243
EDDF,ARR,2019-03,21032,201667.48333333337,152536.55333333334,2.3360084632940277
EDDF,ARR,2019-04,21851,199722.58333333337,148710.92625,2.334522771650421
EDDF,ARR,2019-05,23088,225133.95,165803.47666666663,2.569753696003697
EDDF,ARR,2019-06,22930,221271.08333333337,162085.44916666666,2.581144097979358
EDDF,ARR,2019-07,23560,223232.93333333332,167547.85666666666,2.363543152235427
EDDF,ARR,2019-08,23198,219112.73333333337,167832.68958333333,2.210537276920425
EDDF,ARR,2019-09,23359,231390.41666666663,171259.99208333337,2.5741865911782744
EDDF,ARR,2019-10,22971,228467.43333333332,166987.92083333334,2.676396869966479
EDDF,ARR,2019-11,19385,186927.86666666667,137829.25875,2.5328144398589973
EDDF,ARR,2019-12,18375,179704.43333333332,131545.03458333333,2.620919659863945
EDDF,ARR,2020-01,18146,176377.38333333333,131653.55958333332,2.4646656976744192
EDDF,ARR,2020-02,17930,173819.11666666667,130560.30875,2.4126496328313816
EDDF,ARR,2020-03,11443,101396.05,79439.47083333334,1.918778219581112
EDDF,ARR,2020-04,3248,24632.5,16456.215416666666,2.5173289973316915
EDDF,ARR,2020-05,3887,28393.7,23143.744166666667,1.350644670268416
EDDF,ARR,2020-06,4663,33015.45,27543.855,1.1734066051897911
EDDF,ARR,2020-07,7670,57976.73333333333,46068.87625,1.5525237396784002
EDDF,ARR,2020-08,8849,74706.9,56428.729166666664,2.06556343466305
EDDF,ARR,2020-09,8466,68146,52632.6525,1.8324294235766592
EDDF,ARR,2020-10,8548,68585.9,52425.979583333334,1.8904913917485564
EDDF,ARR,2020-11,6397,53918.03333333333,40580.300833333335,2.084998045959043
EDDF,ARR,2020-12,6832,57795.11666666667,42002.89708333334,2.3115075502537077
EDDF,ARR,2021-01,6531,53153.60000000011,40549.457083333204,1.9298947966110709
EDDF,ARR,2021-02,5402,44087.849999999984,33903.70416666669,1.8852546896211204
EDDF,ARR,2021-03,6713,53691.633333333295,40996.81666666702,1.891079497492369
EDDF,ARR,2021-04,7583,59898.50000000021,47270.35541666669,1.6653230361774396
EDDF,ARR,2021-05,8387,64358.75000000023,47983.615416666944,1.9524424208099784
EDDF,ARR,2021-06,9867,81520.88333333352,63068.92875000075,1.8700673541433843
EDDF,ARR,2021-07,13735,115937.6999999996,89165.05499999947,1.9492278849654268
EDDF,ARR,2021-08,14380,125117.03333333367,93670.17208333252,2.186847096662112
EDDF,ARR,2021-09,13767,121751.88333333278,94418.29416666616,1.9854426648265149
EDDF,ARR,2021-10,14649,135442.96666666688,100217.7762499986,2.4046139952671353
EDDF,ARR,2021-11,14010,133313.03333333408,98226.55874999885,2.504387907447198
EDDF,ARR,2021-12,13298,123556.85000000018,91705.75541666608,2.395179318945262
EDDM,ARR,2019-01,15617,94400,65613.35,1.8432893641544468
EDDM,ARR,2019-02,14949,90117,62320.625,1.859413673155395
EDDM,ARR,2019-03,17122,97129,71650.175,1.4880752832613011
EDDM,ARR,2019-04,17061,96316,69908.275,1.547841568489538
EDDM,ARR,2019-05,18735,110907,78040.125,1.7543034427542037
EDDM,ARR,2019-06,18186,108707,75522.55,1.8247250632354557
EDDM,ARR,2019-07,18818,110923,79197.1,1.685933680518652
EDDM,ARR,2019-08,18053,108123,75882.2,1.785897080817593
EDDM,ARR,2019-09,18933,107860,79393.075,1.5035612422753923
EDDM,ARR,2019-10,18664,105840,77991.9,1.4920756536648097
EDDM,ARR,2019-11,15759,88841,65285.25,1.4947490322990038
EDDM,ARR,2019-12,15267,87648,63603.425,1.5749377742844042
EDDM,ARR,2020-01,15298,86076,63823.75,1.4545855667407503
EDDM,ARR,2020-02,14703,82684,61779.375,1.4217931714616066
EDDM,ARR,2020-03,8675,46528,35532.95,1.267440922190202
EDDM,ARR,2020-04,906,4633,3788.3,0.9323399558498894
EDDM,ARR,2020-05,1028,6978,5784.35,1.1611381322957195
EDDM,ARR,2020-06,2315,13474,10105.25,1.455183585313175
EDDM,ARR,2020-07,4975,28796,21737.6,1.418773869346734
EDDM,ARR,2020-08,6132,32177,24543.25,1.244903783431181
EDDM,ARR,2020-09,6357,33217,25160.575,1.267331288343558
EDDM,ARR,2020-10,5669,30051,23185.4,1.2110777914976183
EDDM,ARR,2020-11,3248,17139,12834.7,1.325215517241379
EDDM,ARR,2020-12,2843,16209,11401.075,1.6911449173408368
EDDM,ARR,2021-01,2418,15324,10510.850000000022,1.990550041356484
EDDM,ARR,2021-02,1702,9555,6963.3500000000095,1.5227085781433551
EDDM,ARR,2021-03,2518,14646,11006.32500000002,1.4454626687847425
EDDM,ARR,2021-04,3171,17063,12524.02500000001,1.4314017660044116
EDDM,ARR,2021-05,3950,21413,14984.349999999977,1.62750632911393
EDDM,ARR,2021-06,5196,30228,20802.974999999955,1.8139001154734495
EDDM,ARR,2021-07,7386,43220,31906.62499999997,1.5317323314378593
EDDM,ARR,2021-08,8195,47992,36322.49999999975,1.4239780353874616
EDDM,ARR,2021-09,8749,50286,37604.69999999975,1.449457080809264
EDDM,ARR,2021-10,9552,53488,38397.42499999991,1.5798340661641637
EDDM,ARR,2021-11,8839,48702,35452.34999999989,1.4989987555153423
EDDM,ARR,2021-12,8621,48396,34523.02499999994,1.6092071685419391
EDDM,ARR,2022-01,8208,46652,30363.624999999884,1.9844511452241855
EDDM,ARR,2022-02,7418,40435,27794.874999999935,1.7039801833378352
EDDM,ARR,2022-03,8131,42269,31428.574999999953,1.3332216209568375
EDDM,ARR,2022-04,11874,63194,46905.50000000001,1.3717786760990394
EDDM,ARR,2022-05,13436,73536,52801.2499999999,1.543223429592148
EDDM,ARR,2022-06,13697,76960,53616.075000000026,1.7043093378111975
EDDM,ARR,2022-07,12984,73863,50717.39999999996,1.7826247689463988
EDDM,ARR,2022-08,14017,78680,52891.15000000003,1.8398266390811135
EDDM,ARR,2022-09,13930,80918,53694.17499999991,1.9543305814788292
EDDM,ARR,2022-10,13934,80912,54568.425000000025,1.890596741782688
EDDM,ARR,2022-11,11761,66180,45975.724999999955,1.7179045149222043
EDDM,ARR,2022-12,10630,61944,41427.54999999993,1.9300517403574855
EGLL,ARR,2019-01,18920,163256,98912.05,3.400843023255814
EGLL,ARR,2019-02,17625,153642,92137.05,3.4896425531914894
EGLL,ARR,2019-03,19946,170262,102812.35,3.3816128547077104
EGLL,ARR,2019-04,20172,177770,111595.075,3.280533660519532
EGLL,ARR,2019-05,20839,172524,108866.75,3.0547171169441913
EGLL,ARR,2019-06,20453,179147,108817.275,3.4386019165892536
EGLL,ARR,2019-07,21059,193446,111054.45,3.912415119426374
EGLL,ARR,2019-08,21021,186114,109052.875,3.6659114694828983
EGLL,ARR,2019-09,19528,163419,102811.65,3.103612761163458
EGLL,ARR,2019-10,20681,175594,109152.25,3.2126952275035054
EGLL,ARR,2019-11,19073,169459,101843.45,3.5450925391915273
EGLL,ARR,2019-12,18577,156283,96853.775,3.1990754696667927
EGLL,ARR,2020-01,19024,153859,98669.2,2.9010618166526494
EGLL,ARR,2020-02,17636,148098,90506.85,3.2655449081424357
EGLL,ARR,2020-03,13066,102835,69828.4,2.526144191030155
EGLL,ARR,2020-04,2624,20328,15328.175,1.9054211128048784
EGLL,ARR,2020-05,3409,25830,18633.075,2.1111542974479316
EGLL,ARR,2020-06,3751,28090,20733.125,1.9613103172487336
EGLL,ARR,2020-07,6092,44549,33565.45,1.8029464871963232
EGLL,ARR,2020-08,7702,54416,41299.85,1.7029537782394186
EGLL,ARR,2020-09,7322,53818,39263.175,1.987820950559956
EGLL,ARR,2020-10,9076,72863,47566.825,2.7871501762891144
EGLL,ARR,2020-11,5793,46335,31469.925,2.5660409114448473
EGLL,ARR,2020-12,6487,55632,35338.85,3.128279636195468
EGLL,ARR,2021-01,4973,41103,27647.225000000028,2.7057661371405533
EGLL,ARR,2021-02,4026,31519,22321.95000000001,2.2844138102334797
EGLL,ARR,2021-03,4820,35987,26971.750000000033,1.870383817427379
EGLL,ARR,2021-04,5067,37516,28297.449999999903,1.8193309650681069
EGLL,ARR,2021-05,5704,41204,31385.22500000001,1.721384116409536
EGLL,ARR,2021-06,6667,49926,36544.47499999988,2.007128393580339
EGLL,ARR,2021-07,8302,64687,44841.92499999995,2.3903968923151107
EGLL,ARR,2021-08,9656,72519,50785.50000000008,2.250776719138351
EGLL,ARR,2021-09,10778,90004,56163.77499999985,3.139749953609218
EGLL,ARR,2021-10,12119,100138,61446.92499999976,3.1925963363314
EGLL,ARR,2021-11,11966,112044,61007.674999999814,4.265111566103977
EGLL,ARR,2021-12,12484,116616,64945.675,4.138923822492791
EGLL,ARR,2022-01,10499,86416,52923.24999999988,3.190089532336424
EGLL,ARR,2022-02,7970,75257,39442.15,4.49370765370138
EGLL,ARR,2022-03,14140,152712,74957.24999999999,5.498921499292788
EGLL,ARR,2022-04,16369,178287,85585.67499999984,5.663224693017298
EGLL,ARR,2022-05,17665,191184,88284.49999999933,5.825049532974846
EGLL,ARR,2022-06,17444,206650,88205.37499999962,6.7899922609493455
EGLL,ARR,2022-07,17089,197386,87152.82499999981,6.450533969219977
EGLL,ARR,2022-08,16996,173844,89074.67499999986,4.98760443633797
EGLL,ARR,2022-09,16658,176440,84942.87499999958,5.492683695521697
EGLL,ARR,2022-10,17340,186870,87986.4749999997,5.702625432525969
EGLL,ARR,2022-11,17250,186088,87947.59999999976,5.689298550724652
EGLL,ARR,2022-12,17226,189477,88870.27499999964,5.840399686520397
EHAM,ARR,2019-01,19262,155567.75,117534.625,1.97451588620081
EHAM,ARR,2019-02,18274,190408.16666666663,142442.32083333333,2.6248137152967783
EHAM,ARR,2019-03,20650,190606.5,138092.13833333334,2.5430683615819207
EHAM,ARR,2019-04,21773,148047.51666666666,110964.91625,1.7031461175155775
EHAM,ARR,2019-05,23253,181161.31666666668,133644.48833333334,2.043470878309609
EHAM,ARR,2019-06,22634,215911.61666666667,156807.66583333333,2.6112905731789935
EHAM,ARR,2019-07,23210,185762.68333333332,140432.605,1.953040858825218
EHAM,ARR,2019-08,23327,212584.53333333333,169719.3316666667,1.8375788428287676
EHAM,ARR,2019-09,22885,202726.31666666668,138318.33208333334,2.8144192520573887
EHAM,ARR,2019-10,23042,211188.3,161834.75666666665,2.1418949454619103
EHAM,ARR,2019-11,19661,203851.63333333333,151003.12375,2.6879868563823472
EHAM,ARR,2019-12,19889,192060.71666666667,148545.78708333333,2.1878892645851145
EHAM,ARR,2020-01,19435,190121.95,150620.80375,2.0324747234370992
EHAM,ARR,2020-02,18218,161167.23333333334,126191.74291666668,1.919831508215318
EHAM,ARR,2020-03,13254,115201.25,93374.63208333332,1.6467947726472514
EHAM,ARR,2020-04,2470,18050.616666666665,14955.86875,1.2529343792172734
EHAM,ARR,2020-05,3366,25715.966666666667,20792.664166666666,1.4626567142008324
EHAM,ARR,2020-06,4613,37751.916666666664,32083.685833333333,1.2287515355155716
EHAM,ARR,2020-07,8598,71568.95,62016.65708333333,1.1109901042878187
EHAM,ARR,2020-08,12283,91006.38333333332,78170.5075,1.0450114657114162
EHAM,ARR,2020-09,11746,85409.51666666666,68326.50125,1.4543687567398826
EHAM,ARR,2020-10,10331,94992.66666666669,77931.39583333333,1.65146363695028
EHAM,ARR,2020-11,7900,75675.58333333333,63904.855,1.489965611814345
EHAM,ARR,2020-12,8490,81701.25,68659.61958333333,1.5361166568511977
EHAM,ARR,2021-01,7784,55392.183333333334,42354.66125000068,1.67491290895846
EHAM,ARR,2021-02,5681,44518.316666666695,25847.293749999862,3.286573299888546
EHAM,ARR,2021-03,6643,40519.28333333331,29358.995000000083,1.6800072758291775
EHAM,ARR,2021-04,7395,36483.08333333329,28339.43666666688,1.101236871760164
EHAM,ARR,2021-05,8497,58885.90000000004,47488.834166667184,1.341304676160157
EHAM,ARR,2021-06,10447,69683.2333333334,55001.12708333458,1.405389705178407
EHAM,ARR,2021-07,15412,118131.13333333336,93463.62208333456,1.6005392713469246
EHAM,ARR,2021-08,16735,131841.90000000078,106095.66000000032,1.5384666865850296
EHAM,ARR,2021-09,16141,124261.00000000032,98308.46666666822,1.607864031555177
EHAM,ARR,2021-10,16665,160934.13333333225,123444.33541666946,2.249612836283396
EHAM,ARR,2021-11,15023,126343.3666666676,98977.00000000071,1.821631276487177
EHAM,ARR,2021-12,15845,147834.33333333393,113884.83291666802,2.14260021563054
EHAM,ARR,2022-01,13783,123010.14999999982,95698.17749999996,1.9815695059130711
EHAM,ARR,2022-02,12771,113330.90000000024,88210.15750000108,1.967014525095855
EHAM,ARR,2022-03,16160,118486.18333333376,90032.79583333456,1.7607294245049008
EHAM,ARR,2022-04,17744,122690.01666666631,89011.00833333515,1.8980505147278617
EHAM,ARR,2022-05,20341,161733.00000000076,116640.68416667104,2.2168190272518418
EHAM,ARR,2022-06,19775,160664.15000000127,114454.05333333528,2.3367937631689504
EHAM,ARR,2022-07,19249,159016.80000000092,118937.91833333451,2.0821279893327658
EHAM,ARR,2022-08,19903,136988.24999999933,100801.31375000055,1.818164912324713
EHAM,ARR,2022-09,19790,167360.4833333331,119891.19291666796,2.398650349503039
EHAM,ARR,2022-10,19335,188931.11666666652,144535.83916666658,2.296109516420995
EHAM,ARR,2022-11,16066,170277.8499999995,128587.33500000248,2.5949530063486272
EHAM,ARR,2022-12,16153,152079.90000000026,113351.37166666718,2.3976059142780333
LEMD,ARR,2019-01,16285,120285.15,93122.935,1.667928461774639
LEMD,ARR,2019-02,14955,115049.2,90607.45625,1.6343526412571043
LEMD,ARR,2019-03,16846,119467.55,92709.28708333331,1.588404542126717
LEMD,ARR,2019-04,17235,144555.88333333333,110966.78083333334,1.9488890339425584
LEMD,ARR,2019-05,18413,150062.66666666666,116085.10083333332,1.84530309201832
LEMD,ARR,2019-06,18749,165699.3,128693.7475,1.9737347325190673
LEMD,ARR,2019-07,19252,164983.1,127843.47458333331,1.9291307613061852
LEMD,ARR,2019-08,18328,156133.98333333334,121373.60916666666,1.8965721391677584
LEMD,ARR,2019-09,18415,148075.56666666668,115497.3675,1.7691120915920004
LEMD,ARR,2019-10,18407,149245.1,116701.35083333332,1.768009407652886
LEMD,ARR,2019-11,15880,138820.63333333333,105596.94666666668,2.0921717044500414
LEMD,ARR,2019-12,16963,143901.1,109539.36541666668,2.0256873538485727
LEMD,ARR,2020-01,16471,133897.61666666667,103269.1975,1.8595361038593088
LEMD,ARR,2020-02,15488,123099.76666666666,96237.05833333332,1.7344207343319555
LEMD,ARR,2020-03,9821,76321.73333333334,59317.14833333333,1.731451481519194
LEMD,ARR,2020-04,1165,8966.466666666667,6869.6866666666665,1.799811158798284
LEMD,ARR,2020-05,1369,10630.983333333334,7613.882083333333,2.203872352081812
LEMD,ARR,2020-06,1772,15535.183333333332,11247.647916666669,2.419602379608728
LEMD,ARR,2020-07,5213,48884.63333333333,36365.980833333335,2.4014295990792243
LEMD,ARR,2020-08,7497,63474.816666666666,50729.63333333333,1.700037792894936
LEMD,ARR,2020-09,6105,51821,40934.32958333333,1.7832383974883976
LEMD,ARR,2020-10,5550,46942.8,36878.965416666666,1.8133035285285293
LEMD,ARR,2020-11,4874,40724.86666666667,31482.708333333332,1.896216317877172
LEMD,ARR,2020-12,5920,48772.816666666666,37996.39833333333,1.820340934684685
LEMD,ARR,2021-01,4945,40301.96666666665,28260.24333333344,2.435131108864148
LEMD,ARR,2021-02,4734,41035.06666666662,32728.9679166668,1.7545624735952308
LEMD,ARR,2021-03,5510,46560.85000000022,35367.93875000011,2.0313813520871338
LEMD,ARR,2021-04,5935,49586.89999999996,39074.20958333358,1.7713041982588678
LEMD,ARR,2021-05,6869,61137.05000000007,45584.91708333354,2.264104369874295
LEMD,ARR,2021-06,8622,75789.7666666668,58039.84125000012,2.058678429212094
LEMD,ARR,2021-07,10919,94459.76666666666,72841.68791666652,1.979858846964021
LEMD,ARR,2021-08,11452,96812.55000000037,77502.89500000006,1.6861382291303095
LEMD,ARR,2021-09,11315,95420.56666666636,76036.07833333308,1.7131673295036056
LEMD,ARR,2021-10,11570,101013.73333333369,77087.34249999994,2.06796809276869
LEMD,ARR,2021-11,11818,99687.11666666657,74669.89624999998,2.1168742948609403
LEMD,ARR,2021-12,12460,105553.5833333334,80623.07708333299,2.000843198234382
LEMD,ARR,2022-01,11816,95316.84999999966,73665.1537499992,1.832404895903898
LEMD,ARR,2022-02,11072,90509.15000000013,69963.7299999999,1.8556195809248763
LEMD,ARR,2022-03,13196,112382.61666666769,86938.1041666669,1.928198886026128
LEMD,ARR,2022-04,14177,115526.98333333289,93532.4133333327,1.551426253791364
LEMD,ARR,2022-05,15127,120088.61666666652,97684.57166666676,1.4810633304686809
LEMD,ARR,2022-06,15038,128291.59999999987,103730.3879166666,1.6332765050760256
LEMD,ARR,2022-07,15837,130255.78333333318,103988.10291666718,1.6586272915745406
LEMD,ARR,2022-08,15504,126336.95000000016,102680.48833333356,1.5258295708634286
LEMD,ARR,2022-09,14371,124527.54999999976,94584.56749999906,2.083569862918426
LEMD,ARR,2022-10,15628,126106.30000000088,99395.48208333328,1.7091641871427938
LEMD,ARR,2022-11,14955,124082.183333333,96101.07666666587,1.8710201716260175
LEMD,ARR,2022-12,15346,126076.23333333406,97866.1991666666,1.8382662691689984
LFPG,ARR,2019-01,18951,184901.51666666663,141228.44333333333,2.304526058431393
LFPG,ARR,2019-02,17563,163836.55,128699.53333333334,2.000627265653171
LFPG,ARR,2019-03,19973,187056.03333333333,148205.42833333334,1.9451562108846936
LFPG,ARR,2019-04,21320,199116.71666666667,154030.26666666666,2.1147490619136966
LFPG,ARR,2019-05,21879,207529.4,162277.915,2.068261117967
LFPG,ARR,2019-06,22071,209846.96666666667,162651.78,2.1383347680969
LFPG,ARR,2019-07,23421,222465.81666666668,171428.05666666667,2.1791452115622736
LFPG,ARR,2019-08,23516,224946.25,172874.38,2.214316635482225
LFPG,ARR,2019-09,22512,216939.28333333333,167403.98666666666,2.200395196635868
LFPG,ARR,2019-10,22141,217587.88333333333,165628.54833333334,2.3467474368818024
LFPG,ARR,2019-11,19157,186687.18333333332,141665.01666666666,2.350167910772389
LFPG,ARR,2019-12,19388,190402.1,143799.58333333334,2.4036783921325906
LFPG,ARR,2020-01,18834,183334.86666666667,139818.29,2.3105329014902125
LFPG,ARR,2020-02,17829,173485.06666666668,133879.29,2.221424458279582
LFPG,ARR,2020-03,11847,112788.05,91173.66833333332,1.8244603415773333
LFPG,ARR,2020-04,2109,23655.483333333337,17694.45,2.8264738422633156
LFPG,ARR,2020-05,2924,33734,25547.54,2.7997469220246236
LFPG,ARR,2020-06,4906,51952.45,41482.21333333333,2.134169724147302
LFPG,ARR,2020-07,9478,100810.9,78139.13833333334,2.3920406907223737
LFPG,ARR,2020-08,11474,105107.06666666668,80500.77,2.144526465632444
LFPG,ARR,2020-09,9412,84861.81666666667,66878.18333333333,1.9107132738348205
LFPG,ARR,2020-10,8413,79675.9,61990.275,2.1021781766314027
LFPG,ARR,2020-11,5952,83491.23333333334,52048,5.282801299283155
LFPG,ARR,2020-12,6938,82693.56666666667,61761.66,3.016994330738925
LFPG,ARR,2021-01,6771,62754.933333333334,48750.97999999997,2.068225274454788
LFPG,ARR,2021-02,5838,54971,42741.9666666666,2.0947299303414524
LFPG,ARR,2021-03,6853,69341,54293.65833333336,2.195730580281138
LFPG,ARR,2021-04,6866,68174.70000000001,53996.14833333326,2.0650381104961775
LFPG,ARR,2021-05,7342,82720,66610.44999999994,2.194163715608834
LFPG,ARR,2021-06,8479,88037,67139.85,2.4645771907064504
LFPG,ARR,2021-07,11689,119229.78333333334,88809.04166666645,2.6025101947700304
LFPG,ARR,2021-08,12794,124760,96298.62500000007,2.224587697358131
LFPG,ARR,2021-09,11148,107221.61666666668,84086.05833333313,2.075310220069388
LFPG,ARR,2021-10,11802,117569.96666666665,90033.47666666687,2.3332053889171136
LFPG,ARR,2021-11,12512,130621,96972.72000000022,2.6892806905370668
LFPG,ARR,2021-12,13355,139245.9166666667,104572.28333333333,2.596303506801451
LFPG,ARR,2022-01,12618,124769,89216.10999999993,2.817632746869557
LFPG,ARR,2022-02,11904,116133.56666666668,82751.50166666675,2.8042729334677348
LFPG,ARR,2022-03,14908,143268,101272.71666666676,2.8169629281817303
LFPG,ARR,2022-04,16861,170610,112797.88833333354,3.4287475041021565
LFPG,ARR,2022-05,18501,183243.8,127495.60333333348,3.0132531574869756
LFPG,ARR,2022-06,18687,188695,127581.7516666668,3.2703616596207628
LFPG,ARR,2022-07,19703,204722,133561.67833333343,3.61164907205332
LFPG,ARR,2022-08,20024,204092,134089.41333333374,3.495934212278579
LFPG,ARR,2022-09,18490,189775,127572.31833333347,3.3641255633675784
LFPG,ARR,2022-10,18450,189943,127489.64166666704,3.3850058717253644
LFPG,ARR,2022-11,16887,171585,117939.11833333354,3.176756183257326
LFPG,ARR,2022-12,17509,172857.96666666665,110881.39666666696,3.5396978696670107
LIRF,ARR,2019-01,11491,111542,77802.15,2.9361978940040037
LIRF,ARR,2019-02,10726,105161,71703.4999999999,3.119289576729452
LIRF,ARR,2019-03,11945,114642,77932.72499999996,3.073191712013398
LIRF,ARR,2019-04,13138,124961,85156.97499999998,3.0296867864210704
LIRF,ARR,2019-05,13609,131518,90003.00000000022,3.0505547799250334
LIRF,ARR,2019-06,14199,139311,93871.1750000001,3.200213043172047
LIRF,ARR,2019-07,14964,150217,99905.14999999992,3.3621925955626892
LIRF,ARR,2019-08,14973,148878,98994.92499999996,3.3315350965070487
LIRF,ARR,2019-09,14017,137860,90767.75000000004,3.359652564742809
LIRF,ARR,2019-10,13174,128287,83792.6249999999,3.377438515257333
LIRF,ARR,2019-11,11185,101920,70287.14999999986,2.8281493071077457
LIRF,ARR,2019-12,11266,108706,73857.05000000015,3.0932851056275386
LIRF,ARR,2020-01,10598,101989,66311.1,3.3664748065672763
LIRF,ARR,2020-02,9679,94367,62362.025,3.306640665357991
LIRF,ARR,2020-03,4311,40134,27123.85,3.017896079795871
LIRF,ARR,2020-04,1198,12153,7196.225,4.137541736227044
LIRF,ARR,2020-05,1375,10780,7749.8,2.203781818181818
LIRF,ARR,2020-06,1777,16553,10729.85,3.276955543050084
LIRF,ARR,2020-07,3891,36550,23964.2,3.234592649704446
LIRF,ARR,2020-08,5052,49684,30578.225,3.7818240300870944
LIRF,ARR,2020-09,4337,40793,25348.825,3.56102720774729
LIRF,ARR,2020-10,4115,39890,22699.6,4.1774969623329286
LIRF,ARR,2020-11,2642,24797,14082.575,4.055422028766086
LIRF,ARR,2020-12,2714,25191,14395,3.97789240972734
LIRF,ARR,2021-01,2151,18305,12417.450000000028,2.7371222687122136
LIRF,ARR,2021-02,1903,17352,11180.774999999996,3.24289280084078
LIRF,ARR,2021-03,2241,20291,13226.02500000002,3.152599286033011
LIRF,ARR,2021-04,2800,23267,15803.975000000011,2.6653660714285667
LIRF,ARR,2021-05,3022,24490,16501.800000000014,2.6433487756452636
LIRF,ARR,2021-06,4151,36426,25064.775,2.7369850638400384
LIRF,ARR,2021-07,5827,54121,38363.42499999997,2.704234597563074
LIRF,ARR,2021-08,6857,62364,45211.57499999996,2.5014474259880473
LIRF,ARR,2021-09,6066,54613,39563.99999999995,2.480877019452694
LIRF,ARR,2021-10,5707,56623,39874.69999999996,2.934694235149823
LIRF,ARR,2021-11,5881,54415,39338.999999999985,2.5635096072096606
LIRF,ARR,2021-12,6205,60518,42127.62500000002,2.9637993553585784
LIRF,ARR,2022-01,5658,57715,35031.19999999997,4.009155178508313
LIRF,ARR,2022-02,5146,52295,32607.65000000002,3.825757870190435
LIRF,ARR,2022-03,6667,65900,42415.449999999946,3.522506374681274
LIRF,ARR,2022-04,8869,85961,53848.324999999946,3.6207774269929023
LIRF,ARR,2022-05,9445,96928,57786.37499999996,4.144163578613027
LIRF,ARR,2022-06,10044,104271,63556.67499999979,4.053596674631642
LIRF,ARR,2022-07,10576,107251,66450.97499999992,3.8577935892587063
LIRF,ARR,2022-08,10949,107947,69105.74999999997,3.547470088592568
LIRF,ARR,2022-09,10748,106339,67583.1999999999,3.605861555638268
LIRF,ARR,2022-10,10235,106186,64308.64999999993,4.091582804103573
LIRF,ARR,2022-11,8363,84452,54795.02499999988,3.5462124835585462
LSZH,ARR,2019-01,10811,59896.51666666667,43486.38375,1.5179107313538682
LSZH,ARR,2019-02,9814,53524.38333333333,39856.90416666667,1.3926512295360367
LSZH,ARR,2019-03,11013,55324.13333333333,41069.62458333333,1.294334763461364
LSZH,ARR,2019-04,11618,62164.433333333334,46808.325,1.3217514489011308
LSZH,ARR,2019-05,12196,65671.23333333334,49247.29125,1.3466662908603917
LSZH,ARR,2019-06,12341,66334.66666666667,49926.3625,1.3295765470113174
LSZH,ARR,2019-07,12852,70179.71666666666,51869.580416666664,1.4246915849673198
LSZH,ARR,2019-08,12607,70047.51666666666,51233.486666666664,1.492347901959229
LSZH,ARR,2019-09,12170,67239.68333333333,49228.72833333333,1.4799470008216928
LSZH,ARR,2019-10,11980,64367.76666666667,48568.39958333333,1.3188119435169732
LSZH,ARR,2019-11,9886,53012.76666666667,40479.32166666667,1.2677973902488366
LSZH,ARR,2019-12,10063,54016.3,40363.93375,1.356689481268012
LSZH,ARR,2020-01,10277,56678.75,42467.222916666666,1.3828478236190849
LSZH,ARR,2020-02,9302,46966.6,34881.3125,1.2992138787357557
LSZH,ARR,2020-03,5475,28663.183333333334,21705.884583333333,1.270739497716895
LSZH,ARR,2020-04,928,5984,4122.953333333333,2.005438218390805
LSZH,ARR,2020-05,1499,8948.466666666667,6094.9695833333335,1.903600455859462
LSZH,ARR,2020-06,2517,14256.45,9775.284166666666,1.7803598861078007
LSZH,ARR,2020-07,4909,26982.616666666665,18865.788333333338,1.6534586134311124
LSZH,ARR,2020-08,5415,30009.666666666668,21232.955,1.6208147122191443
LSZH,ARR,2020-09,4759,28074.7,18860.1,1.9362471107375503
LSZH,ARR,2020-10,4174,23690,16583.848333333335,1.7024800351381564
LSZH,ARR,2020-11,2795,17657.166666666668,11395.952083333334,2.2401483303518193
LSZH,ARR,2020-12,3196,19563.6,12973.52625,2.061975516270337
LSZH,ARR,2021-01,2425,15943.599999999997,10778.260000000024,2.1300371134020497
LSZH,ARR,2021-02,2107,12986.733333333332,9362.234583333347,1.7202177266255263
LSZH,ARR,2021-03,2607,15660.600000000017,11307.08125000006,1.6699343114691052
LSZH,ARR,2021-04,3083,18027.73333333336,13356.759166666769,1.5150743323602311
LSZH,ARR,2021-05,3651,20877.366666666618,15091.78208333344,1.5846575139230823
LSZH,ARR,2021-06,4683,26552.08333333331,19803.60333333327,1.4410591501174546
LSZH,ARR,2021-07,7122,38999.449999999975,29192.94624999938,1.3769311639989603
LSZH,ARR,2021-08,7656,41625.43333333343,30831.28666666607,1.4098937652386831
LSZH,ARR,2021-09,7519,41118.95,30899.148333332734,1.359196923349816
LSZH,ARR,2021-10,7775,43397.83333333335,31847.59624999921,1.4855610396571242
LSZH,ARR,2021-11,6116,34260.86666666667,25665.043749999615,1.4054648326793744
LSZH,ARR,2021-12,6452,35960.7,26671.454166666277,1.439746719363565
LSZH,ARR,2022-01,6343,44755.149999999885,23733.382916666465,3.314167914761693
LSZH,ARR,2022-02,5770,30872.266666666703,20693.854166666617,1.7640229636048677
LSZH,ARR,2022-03,7295,60046.00000000003,28019.58333333291,4.390187342929009
LSZH,ARR,2022-04,8902,47243.616666666974,33467.71874999935,1.5475059443571806
LSZH,ARR,2022-05,10103,54995.516666666714,38364.9924999993,1.6460976112706536
LSZH,ARR,2022-06,10019,55193.483333333286,38156.16624999951,1.7005007568952768
LSZH,ARR,2022-07,10794,59053.400000000045,41546.857916666355,1.6218771616948018
LSZH,ARR,2022-08,10695,59008.91666666673,41586.23791666601,1.6290489714820682
LSZH,ARR,2022-09,10340,56700.66666666645,39304.423333332845,1.6824219858156295
LSZH,ARR,2022-10,10477,58129.83333333345,40827.71499999958,1.651438229773205
LSZH,ARR,2022-11,8520,46462.4166666666,32850.468749999425,1.5976464690923913
LSZH,ARR,2022-12,8755,49255.19999999998,33920.8679166661,1.7514942413859371
EDDF,DEP,2019-01,18882,297379.7,204075.87791666668,4.941416273876355
EDDF,DEP,2019-02,18431,267262.5,198402.96083333332,3.7360717902808682
EDDF,DEP,2019-03,21024,312643.38333333336,226245.7525,4.10947635242263
EDDF,DEP,2019-04,21832,320540.1,233897.45083333337,3.9686079684255513
EDDF,DEP,2019-05,23095,343184.43333333335,245956.01541666663,4.209933661687235
EDDF,DEP,2019-06,22939,337904.48333333334,245611.29,4.023418341398201
EDDF,DEP,2019-07,23565,331501.26666666666,253041.185,3.3295175755003887
EDDF,DEP,2019-08,23197,325509.9166666667,250105.63625,3.250604837550833
EDDF,DEP,2019-09,23354,350437.26666666666,250943.0575,4.260264158887842
EDDF,DEP,2019-10,22967,350442.05,247542.81666666665,4.480307978113525
EDDF,DEP,2019-11,19405,289214.2,210030.09083333332,4.080603409774114
EDDF,DEP,2019-12,18260,274815.81666666665,198775.44875,4.164313686564438
EDDF,DEP,2020-01,18245,262292.25,198341.25166666668,3.5051246003471266
EDDF,DEP,2020-02,17927,261815.23333333337,195104.4225,3.7212478849407793
EDDF,DEP,2020-03,11396,148370.15,123281.81666666668,2.2015034515034513
EDDF,DEP,2020-04,3264,42888.25,37759.19,1.571403186274509
EDDF,DEP,2020-05,3873,48662.63333333333,43105.37875,1.4348707935278409
EDDF,DEP,2020-06,4666,55544.71666666667,51125.8125,0.9470433276182312
EDDF,DEP,2020-07,7700,92503.9,81322.75416666667,1.4520968614718608
EDDF,DEP,2020-08,8847,112021.51666666666,93498.39291666666,2.0937180682717305
EDDF,DEP,2020-09,8473,103897.71666666666,88154.11625,1.8580904539911072
EDDF,DEP,2020-10,8556,106045.08333333331,90874.81291666666,1.773056383434627
EDDF,DEP,2020-11,6405,81003.06666666667,71442.27625,1.492707325006506
EDDF,DEP,2020-12,6795,87961.73333333334,77361.10041666667,1.560063711062056
EDDF,DEP,2021-01,6568,93059.26666666694,74625.41583333377,2.806615534916743
EDDF,DEP,2021-02,5437,73831.35000000014,62436.09708333374,2.095871421126797
EDDF,DEP,2021-03,6754,84286.98333333334,76454.60708333427,1.1596648282497883
EDDF,DEP,2021-04,7671,94068.8333333335,85013.6741666679,1.1804405118844483
EDDF,DEP,2021-05,8383,102993.66666666685,92414.13958333468,1.2620216012563708
EDDF,DEP,2021-06,9944,124032.53333333365,111614.2175000025,1.2488250033518848
EDDF,DEP,2021-07,13735,173733.53333333205,153128.91541666686,1.5001541985194893
EDDF,DEP,2021-08,14361,186656.79999999984,160142.1483333347,1.846295638650869
EDDF,DEP,2021-09,13247,175199.03333333397,151575.05750000253,1.7833453486322517
EDDF,DEP,2021-10,14520,189399.38333333263,161904.55583333416,1.8935831611569196
EDDF,DEP,2021-11,14000,183562.74999999977,154087.62125000043,2.1053663392856645
EDDF,DEP,2021-12,13277,177452.16666666628,147046.33291666853,2.2901132597723697
EDDF,DEP,2022-01,12339,167510.99999999962,130150.00875000477,3.0278783734496195
EDDF,DEP,2022-02,11164,144530.68333333344,116428.60000000376,2.517205601337304
EDDF,DEP,2022-03,13478,172874.1333333331,143396.08000000115,2.1871237077705854
EDDF,DEP,2022-04,16163,217172.84999999977,171647.91208333237,2.816614360989134
EDDF,DEP,2022-05,18283,238177.60000000015,192595.49708333125,2.4931413289213453
EDDF,DEP,2022-06,17939,235370.1499999994,189670.12916666464,2.5475233197689264
EDDF,DEP,2022-07,17504,231779.7166666671,187599.3574999969,2.524015034658949
EDDF,DEP,2022-08,17990,232637.01666666628,193721.49291666376,2.1631753057255434
EDDF,DEP,2022-09,17088,231004.03333333356,186681.7270833304,2.593767921933704
EDDF,DEP,2022-10,17812,247505.0166666663,191639.95208332935,3.136372366008138
EDDF,DEP,2022-11,16279,218424.30000000153,175404.45583333055,2.642658895919343
EDDF,DEP,2022-12,15053,221668.2999999985,162109.9449999988,3.956577094266903
EDDM,DEP,2019-01,15692,271852,141025.25,8.337162248279379
EDDM,DEP,2019-02,14940,215903,136186.4,5.335783132530121
EDDM,DEP,2019-03,17120,215094,154055.4,3.5653387850467295
EDDM,DEP,2019-04,17028,214751,162613.925,3.0618437279774495
EDDM,DEP,2019-05,18749,236268,171540.825,3.4523001226732086
EDDM,DEP,2019-06,18200,234914,170244.6,3.553263736263736
EDDM,DEP,2019-07,18821,237678,170296.25,3.580136549598852
EDDM,DEP,2019-08,18051,227969,165779.375,3.4452177164700015
EDDM,DEP,2019-09,18934,240207,173264.5,3.5355709306010352
EDDM,DEP,2019-10,18647,238802,170996.75,3.636255161688207
EDDM,DEP,2019-11,15765,201615,144903.4,3.5973104979384716
EDDM,DEP,2019-12,15203,208616,139677.6,4.534526080378872
EDDM,DEP,2020-01,15375,210999,138193.675,4.735305691056912
EDDM,DEP,2020-02,14687,189639,130624.4,4.018152107305781
EDDM,DEP,2020-03,8635,99561,76815.525,2.6341024898668217
EDDM,DEP,2020-04,917,8391,7563.4,0.9025081788440572
EDDM,DEP,2020-05,1035,10435,9865.625,0.5501207729468599
EDDM,DEP,2020-06,2291,23568,20955.4,1.140375381929288
EDDM,DEP,2020-07,4963,48638,42046.825,1.3280626637114654
EDDM,DEP,2020-08,6126,57488,50677.775,1.111691968658178
EDDM,DEP,2020-09,6367,59430,52214.125,1.1333241715093452
EDDM,DEP,2020-10,5671,52182,45237.575,1.2245503438547
EDDM,DEP,2020-11,3261,32998,26642.675,1.9488883777982215
EDDM,DEP,2020-12,2844,35378,23865.65,4.047943037974683
EDDM,DEP,2021-01,2422,37704,20366.849999999988,7.158195706028081
EDDM,DEP,2021-02,1693,20698,15106.875000000024,3.302495569994079
EDDM,DEP,2021-03,2524,28013,20748.95000000002,2.877991283676696
EDDM,DEP,2021-04,3159,33549,27569.325000000008,1.8929012345678984
EDDM,DEP,2021-05,3940,42142,36078.125000000015,1.5390545685279151
EDDM,DEP,2021-06,5156,58727,46572.6,2.35733126454616
EDDM,DEP,2021-07,7389,96844,69399.74999999994,3.714203545811349
EDDM,DEP,2021-08,8166,106574,71878.17499999999,4.24881520940485
EDDM,DEP,2021-09,8758,114911,81361.09999999998,3.8307718657227703
EDDM,DEP,2021-10,9539,109628,86799.00000000012,2.3932278016563457
EDDM,DEP,2021-11,8828,112530,79783.69999999997,3.7093679202537415
EDDM,DEP,2021-12,8653,117105,78629.72500000002,4.446466543395352
EDDM,DEP,2022-01,8203,115171,68121.57499999998,5.7356363525539455
EDDM,DEP,2022-02,7420,84867,63056.37499999992,2.939437331536399
EDDM,DEP,2022-03,8145,92165,76622.72499999996,1.908198281154087
EDDM,DEP,2022-04,11856,144717,109485.45000000011,2.9716219635627423
EDDM,DEP,2022-05,13432,157670,120411.0000000001,2.773898153662887
EDDM,DEP,2022-06,13705,161114,121116.22500000024,2.91848048157605
EDDM,DEP,2022-07,12978,152365,114176.9000000004,2.9425258129141327
EDDM,DEP,2022-08,14029,171290,125531.7000000004,3.261693634613985
EDDM,DEP,2022-09,13903,168419,119834.47500000017,3.4945353520822735
EDDM,DEP,2022-10,13965,165231,122391.10000000012,3.0676620121732827
EDDM,DEP,2022-11,11762,141670,104870.22500000008,3.1287004761094983
EDDM,DEP,2022-12,10594,160233,94331.40000000004,6.220653199924482
EGLL,DEP,2019-01,18915,401406,304538.85,5.1211816019032526
EGLL,DEP,2019-02,17631,389559,283117.475,6.0371802506948
EGLL,DEP,2019-03,19974,464791,321933.525,7.152171573044957
EGLL,DEP,2019-04,20165,452897,317116.275,6.733484998760227
EGLL,DEP,2019-05,20846,477681,333679.475,6.907873213086445
EGLL,DEP,2019-06,20458,482242,326058.45,7.634350865187212
EGLL,DEP,2019-07,21049,500335,337554.125,7.733425578412276
EGLL,DEP,2019-08,21020,495192,338091.275,7.473868934348238
EGLL,DEP,2019-09,19518,442914,310867.075,6.765392202069884
EGLL,DEP,2019-10,20673,477281,330022.9,7.123209016591688
EGLL,DEP,2019-11,19092,417894,303821.6,5.974879530693485
EGLL,DEP,2019-12,18557,415503,298159.225,6.323423775394731
EGLL,DEP,2020-01,19022,408160,306067.65,5.367067080222898
EGLL,DEP,2020-02,17654,393779,284094.875,6.212989973943582
EGLL,DEP,2020-03,13014,249073,208819.475,3.093093975718457
EGLL,DEP,2020-04,2634,40271,38737.375,0.5822418375094913
EGLL,DEP,2020-05,3439,52796,53028.85,-0.06770863623146221
EGLL,DEP,2020-06,3738,58869,58376.425,0.1317750133761362
EGLL,DEP,2020-07,6051,107200,96859.775,1.7088456453478773
EGLL,DEP,2020-08,7693,120896,122707.875,-0.23552255297023267
EGLL,DEP,2020-09,7335,112583,117085.575,-0.6138479890933874
EGLL,DEP,2020-10,9099,145895,148579.175,-0.2949967029343871
EGLL,DEP,2020-11,5838,97377,94602.875,0.4751841384035629
EGLL,DEP,2020-12,6426,113001,101121.85,1.848607220666043
EGLL,DEP,2021-01,4674,86866,77420.94999999987,2.020763799743289
EGLL,DEP,2021-02,3386,59754,58776.37499999992,0.28872563496753695
EGLL,DEP,2021-03,4889,84219,80138.74999999978,0.8345776232358803
EGLL,DEP,2021-04,4437,75085,75773.27500000001,-0.15512170385395735
EGLL,DEP,2021-05,5627,98907,91502.62500000016,1.3158654700550632
EGLL,DEP,2021-06,5821,107308,97908.87500000028,1.6146924926987989
EGLL,DEP,2021-07,8309,140770,133461.9000000005,0.8795402575519932
EGLL,DEP,2021-08,9654,165227,154609.5750000005,1.0997954215868546
EGLL,DEP,2021-09,10776,187252,174347.07500000086,1.1975617112100172
EGLL,DEP,2021-10,12108,215671,198324.10000000097,1.4326808721505668
EGLL,DEP,2021-11,11981,213431,195232.8750000012,1.518915365996061
EGLL,DEP,2021-12,12460,222766,201503.17500000095,1.706486757624322
EGLL,DEP,2022-01,10493,186891,171823.6250000007,1.4359453921661394
EGLL,DEP,2022-02,8003,143987,131281.62499999994,1.5875765337998324
EGLL,DEP,2022-03,14106,253445,221950.6500000005,2.2326917623705897
EGLL,DEP,2022-04,16394,311738,258426.5750000001,3.2518863608637245
EGLL,DEP,2022-05,17648,356225,279873.2000000009,4.326371260199406
EGLL,DEP,2022-06,17451,356429,273891.82500000054,4.729653028479713
EGLL,DEP,2022-07,17130,342112,270817.67500000016,4.1619570928196055
EGLL,DEP,2022-08,16996,337345,267822.8750000009,4.090499235114093
EGLL,DEP,2022-09,16656,353735,265283.20000000054,5.310506724303522
EGLL,DEP,2022-10,17339,347319,276738.22499999986,4.070637003287395
EGLL,DEP,2022-11,17255,350397,274310.6000000006,4.409527673138185
EGLL,DEP,2022-12,17182,364225,272274.7250000009,5.35154667675469
EHAM,DEP,2019-01,19266,274048.05,186377.37125,4.550538708086784
EHAM,DEP,2019-02,18293,216658.91666666663,152593.51416666666,3.502181298857486
EHAM,DEP,2019-03,20635,247897.65,176763.27625,3.4472679307002663
EHAM,DEP,2019-04,21776,298709.7,229441.96083333337,3.1809211593803575
EHAM,DEP,2019-05,23256,333825.8333333333,245084.7825,3.8158346591560592
EHAM,DEP,2019-06,22612,295643.5,216274.04291666663,3.510059131582051
EHAM,DEP,2019-07,23218,292783.23333333334,224019.07208333333,2.9616746166767167
EHAM,DEP,2019-08,23342,254884.11666666667,193402.46125,2.633949765087254
EHAM,DEP,2019-09,22866,302723.8,216476.21666666667,3.771870171142015
EHAM,DEP,2019-10,23070,279513.76666666666,203310.22625,3.303144361363964
EHAM,DEP,2019-11,19660,240069.56666666668,175944.93291666667,3.2616802517802648
EHAM,DEP,2019-12,19888,231122.41666666663,166525.24375,3.2480477130262804
EHAM,DEP,2020-01,19441,210302.96666666667,156629.6675,2.7608301613428665
EHAM,DEP,2020-02,18214,197187.88333333333,144219.3125,2.908124016324439
EHAM,DEP,2020-03,13157,145348.58333333334,115315.87333333334,2.2826411796002133
EHAM,DEP,2020-04,2478,30568.15,27932.318333333333,1.0636931665321503
EHAM,DEP,2020-05,3381,42216.333333333336,37291.581666666665,1.456596174701766
EHAM,DEP,2020-06,4610,53308.38333333333,46198.88166666667,1.5421912509038316
EHAM,DEP,2020-07,8630,89004.36666666667,75277.84875,1.590558275395905
EHAM,DEP,2020-08,12311,130587.98333333334,110060.96541666667,1.667372099477432
EHAM,DEP,2020-09,11739,129053.31666666668,105893.73916666668,1.97287481897947
EHAM,DEP,2020-10,10347,107247.21666666666,86077.99041666667,2.045928892432588
EHAM,DEP,2020-11,7882,78873.93333333333,64150.51708333333,1.8679797323014464
EHAM,DEP,2020-12,8485,90770.25,70320.40208333333,2.410117609506973
EHAM,DEP,2021-01,7473,99331.1000000003,73209.26750000067,3.4954947812123143
EHAM,DEP,2021-02,5686,73481.21666666676,47172.774583333456,4.626880422675573
EHAM,DEP,2021-03,6641,71748.9666666668,53068.065000000075,2.812965165888681
EHAM,DEP,2021-04,7419,90454.7000000002,62655.82041666704,3.7469847126746383
EHAM,DEP,2021-05,8501,86583.91666666647,70333.63958333447,1.9115724130492877
EHAM,DEP,2021-06,10449,132940.06666666712,108031.75833333458,2.3837982901074297
EHAM,DEP,2021-07,15372,179505.45000000022,146469.55791666862,2.149095243516237
EHAM,DEP,2021-08,16708,192478.8333333337,154532.68375000102,2.271136556340237
EHAM,DEP,2021-09,16148,188476.7999999996,150053.73541666722,2.379431792378771
EHAM,DEP,2021-10,16668,193054.38333333295,146655.52000000104,2.783709103271653
EHAM,DEP,2021-11,15007,177961.04999999958,137420.0279166685,2.7014741176338424
EHAM,DEP,2021-12,15843,189706.40000000037,137897.7066666683,3.2701314986638943
EHAM,DEP,2022-01,13820,158954.8833333323,119244.3087500016,2.873413500964596
EHAM,DEP,2022-02,12714,142371.73333333412,104325.042083334,2.9925036377222054
EHAM,DEP,2022-03,16138,206092.51666666535,161143.87458333487,2.785267200602955
EHAM,DEP,2022-04,17782,229476.08333333273,178312.6504166664,2.8772597523712924
EHAM,DEP,2022-05,20344,243141.7000000001,187251.4758333332,2.7472583644645554
EHAM,DEP,2022-06,19792,234279.9999999996,184942.43291666717,2.4928035106776707
EHAM,DEP,2022-07,19278,229613.3166666672,177434.55208333372,2.706648230279774
EHAM,DEP,2022-08,19908,257731.50000000055,202205.74958333344,2.7891174611546687
EHAM,DEP,2022-09,19791,244019.66666666765,183359.4966666685,3.0650381486533846
EHAM,DEP,2022-10,19321,199873.96666666685,147302.7908333332,2.72093451857221
EHAM,DEP,2022-11,16067,178759.50000000023,129452.4608333349,3.0688391838342772
EHAM,DEP,2022-12,16171,218055.8999999994,141025.3262500005,4.763500943046126
LEMD,DEP,2019-01,16396,270554.7,207794.8775,3.827752043181264
LEMD,DEP,2019-02,15035,246064.83333333337,192729.94083333333,3.5473822746923855
LEMD,DEP,2019-03,17075,286599.81666666665,208049.99916666668,4.60028213762811
LEMD,DEP,2019-04,17352,288568.63333333336,222044.12208333332,3.8338238387505785
LEMD,DEP,2019-05,18551,306347.4,238350.19208333333,3.665420080678491
LEMD,DEP,2019-06,18896,317582.1333333333,240265.95208333337,4.091669202476713
LEMD,DEP,2019-07,19390,324277.81666666665,245117.33666666667,4.082541516245486
LEMD,DEP,2019-08,18472,307233.86666666664,233638.93541666667,3.984134433196187
LEMD,DEP,2019-09,18516,310117.31666666665,236104.59625,3.997230525851515
LEMD,DEP,2019-10,18526,302935.98333333334,236094.00833333333,3.608009014358199
LEMD,DEP,2019-11,16080,267133.3333333333,203403.37541666668,3.963305840588722
LEMD,DEP,2019-12,17041,285030.76666666666,216158.73666666663,4.041548618038847
LEMD,DEP,2020-01,16574,271734.7,210371.36166666663,3.702385563734364
LEMD,DEP,2020-02,15556,249680.05,198214.05791666667,3.3084335358275485
LEMD,DEP,2020-03,9843,158733.46666666667,121803.50791666668,3.751900716245048
LEMD,DEP,2020-04,1240,16117.266666666666,13587.074583333331,2.0404774865591397
LEMD,DEP,2020-05,1479,19686.083333333332,15748.105833333331,2.662594658553076
LEMD,DEP,2020-06,1852,24623.266666666663,19687.340416666662,2.6651869600431968
LEMD,DEP,2020-07,5327,81529.45,64407.87333333333,3.2141123834553533
LEMD,DEP,2020-08,7556,113337.46666666666,92901.90291666667,2.704547875860242
LEMD,DEP,2020-09,6190,89214.98333333334,76507.49916666666,2.052905358104471
LEMD,DEP,2020-10,5649,80633.65,68850.75083333334,2.0858380539328474
LEMD,DEP,2020-11,4958,71075.7,59941.43208333333,2.2457176112679837
LEMD,DEP,2020-12,6031,86879.3,71929.44375,2.4788353921406063
LEMD,DEP,2021-01,4934,85681.35000000156,55914.765833333426,6.03295179705475
LEMD,DEP,2021-02,4773,67920.93333333297,57196.08791666678,2.246982069278481
LEMD,DEP,2021-03,5548,82624.43333333266,66722.90708333363,2.8661727198988887
LEMD,DEP,2021-04,6010,87208.53333333392,72470.35625000001,2.452275721020617
LEMD,DEP,2021-05,6946,102392.5166666682,84035.45333333322,2.642825127171749
LEMD,DEP,2021-06,8679,135901.79999999906,108600.11416666716,3.145717920651217
LEMD,DEP,2021-07,11123,177305.31666666266,142490.48500000068,3.1299857652307814
LEMD,DEP,2021-08,11571,180498.183333329,148131.74250000087,2.7972034252292928
LEMD,DEP,2021-09,11374,181885.21666665905,146638.46500000084,3.098887960845629
LEMD,DEP,2021-10,11659,188266.1000000075,150631.74249999947,3.227923278154903
LEMD,DEP,2021-11,11836,191879.66666666375,153326.96125000017,3.257241079474787
LEMD,DEP,2021-12,12330,199671.76666666183,158526.47541666683,3.337006589618413
LEMD,DEP,2022-01,11354,184232.55000000005,144943.83083333372,3.460341656391257
LEMD,DEP,2022-02,11034,174963.08333333244,141440.87250000017,3.038083272913927
LEMD,DEP,2022-03,13254,214913.38333333653,168678.73541666605,3.4883543018462713
LEMD,DEP,2022-04,14226,226798.0499999924,180837.5354166662,3.230740516190509
LEMD,DEP,2022-05,15199,243211.96666666423,193457.5620833323,3.273531454920187
LEMD,DEP,2022-06,15207,249976.03333333205,192755.7829166668,3.762757310229845
LEMD,DEP,2022-07,15987,260758.26666668785,200902.31791666595,3.744038828424463
LEMD,DEP,2022-08,15633,250875.9000000186,195669.00666666593,3.5314330795978166
LEMD,DEP,2022-09,14426,230756.3500000071,181670.38833333275,3.4026037478631883
LEMD,DEP,2022-10,15803,255082.13333334285,199497.27874999828,3.5173609177589427
LEMD,DEP,2022-11,15064,247325.88333334788,189796.61666666617,3.818990086742017
LEMD,DEP,2022-12,15459,252358.333333326,194579.6929166664,3.737540618193906
LFPG,DEP,2019-01,19005,329699.61666666664,218717.7,5.839616767517318
LFPG,DEP,2019-02,17581,271655.4666666667,203266.2,3.8899531691409286
LFPG,DEP,2019-03,20038,306964.4666666667,231380.475,3.772032721163124
LFPG,DEP,2019-04,21333,336650.31666666665,252099.95,3.963360365005702
LFPG,DEP,2019-05,21948,343701.76666666666,254285.325,4.074013197861611
LFPG,DEP,2019-06,22114,354789.6,261160.7,4.233919688884868
LFPG,DEP,2019-07,23490,379099.9166666667,280061.575,4.2161916418334044
LFPG,DEP,2019-08,23607,370987.9,275665.825,4.037873300292286
LFPG,DEP,2019-09,22518,350942.01666666666,260962.075,3.995911789087248
LFPG,DEP,2019-10,22196,345958.95,256052.85,4.050554153901604
LFPG,DEP,2019-11,19215,308184.2833333333,229261.825,4.10733584872929
LFPG,DEP,2019-12,19401,313330.65,227878.725,4.404511365393537
LFPG,DEP,2020-01,18902,308151.23333333334,220122.95,4.65708831516947
LFPG,DEP,2020-02,17887,269149.25,204658.525,3.6054522837815175
LFPG,DEP,2020-03,11799,172457.78333333333,140145.325,2.7385760092663203
LFPG,DEP,2020-04,2116,33947.73333333333,31628.475,1.096057813484561
LFPG,DEP,2020-05,2928,49019.48333333333,44585.5,1.5143385701275034
LFPG,DEP,2020-06,4909,73596.78333333334,64739.1,1.8043763156107848
LFPG,DEP,2020-07,9560,139628.78333333333,118011.6,2.261211645746163
LFPG,DEP,2020-08,11460,153883.35,127796.65,2.276326352530542
LFPG,DEP,2020-09,9406,124815.51666666666,105491.725,2.054411191438088
LFPG,DEP,2020-10,8452,118445.4,97742.375,2.4494823710364404
LFPG,DEP,2020-11,5925,91109.93333333332,74814.925,2.7502123769338955
LFPG,DEP,2020-12,6947,110489,89365.7,3.0406362458615233
LFPG,DEP,2021-01,6972,112848.6,83063.65000000001,4.272081181870338
LFPG,DEP,2021-02,5985,91960.78333333333,71778.425,3.3721567808409896
LFPG,DEP,2021-03,6935,98869,83982.9000000001,2.1465176640230577
LFPG,DEP,2021-04,7000,102618,86608.45000000019,2.2870785714285446
LFPG,DEP,2021-05,7412,113904,93311.8000000002,2.77822450080947
LFPG,DEP,2021-06,8429,130305,109701.17500000034,2.444397318780361
LFPG,DEP,2021-07,12025,174739,138609.5250000009,3.004530145530071
LFPG,DEP,2021-08,13168,189430,151626.24999999997,2.870880164034024
LFPG,DEP,2021-09,11521,167402,134972.6000000003,2.814807742383448
LFPG,DEP,2021-10,12103,174810,141445.3250000002,2.7567276708254
LFPG,DEP,2021-11,12622,191010,147742.4000000003,3.4279511963238543
LFPG,DEP,2021-12,13402,201543.66666666663,157207.74999999968,3.3081567427747336
LFPG,DEP,2022-01,12638,195264,135091.12500000064,4.761265627472651
LFPG,DEP,2022-02,11940,173002,124977.92500000034,4.022116834170826
LFPG,DEP,2022-03,14936,214715,158810.37499999942,3.7429448982324978
LFPG,DEP,2022-04,16829,261849,176492.89999999953,5.071965060312584
LFPG,DEP,2022-05,18543,277509,196802.9499999997,4.352372863075032
LFPG,DEP,2022-06,18683,287019,197658.3499999998,4.782992560081368
LFPG,DEP,2022-07,19637,314051,199771.10000000225,5.819621123389407
LFPG,DEP,2022-08,19946,325261,198966.85000000213,6.331803369096454
LFPG,DEP,2022-09,18450,303674,181167.7500000015,6.639905149051408
LFPG,DEP,2022-10,18438,292469,182444.12500000207,5.967289022670459
LFPG,DEP,2022-11,16889,263533,176739.30000000077,5.139066848244374
LFPG,DEP,2022-12,17538,293460,176618.72500000006,6.662177842399358
LIRF,DEP,2019-01,11500,189956,130621.92500000012,5.159484782608684
LIRF,DEP,2019-02,10737,180268,123136.9500000004,5.3209509173884335
LIRF,DEP,2019-03,11950,202737,135872.79999999964,5.595330543933085
LIRF,DEP,2019-04,13136,235699,149812.47500000015,6.538255557247248
LIRF,DEP,2019-05,13606,253624,154189.09999999971,7.308165515213897
LIRF,DEP,2019-06,14200,274784,160889.62499999988,8.020730633802826
LIRF,DEP,2019-07,14921,300142,169331.2999999998,8.766885597480075
LIRF,DEP,2019-08,14948,298858,169206.00000000003,8.673534921059671
LIRF,DEP,2019-09,13995,276685,158781.72500000012,8.424671311182557
LIRF,DEP,2019-10,13159,260666,150262.0999999998,8.389991640702195
LIRF,DEP,2019-11,11168,205522,126162.4000000004,7.10598137535813
LIRF,DEP,2019-12,11232,201331,128260.00000000038,6.505608974358941
LIRF,DEP,2020-01,10607,172625,116093,5.329687941925144
LIRF,DEP,2020-02,9685,158741,107174.525,5.324364997418689
LIRF,DEP,2020-03,4292,74705,48164.425,6.183731360671016
LIRF,DEP,2020-04,1184,25059,12885.925,10.281313344594594
LIRF,DEP,2020-05,1371,30724,15766.225,10.910120350109407
LIRF,DEP,2020-06,1779,29749,19588.075,5.711593591905564
LIRF,DEP,2020-07,3898,57551,45974.3,2.9699076449461272
LIRF,DEP,2020-08,5055,69846,58508.075,2.2429129574678544
LIRF,DEP,2020-09,4333,63011,49722.45,3.0668243711054703
LIRF,DEP,2020-10,4114,59115,47763.95,2.7591273699562477
LIRF,DEP,2020-11,2641,38868,28837.825,3.797870124952669
LIRF,DEP,2020-12,2709,40848,28149.55,4.687504614248801
LIRF,DEP,2021-01,2105,29754,24630.075000000008,2.434168646080756
LIRF,DEP,2021-02,1852,27139,21757.925,2.905548056155508
LIRF,DEP,2021-03,2166,31822,25305.85,3.008379501385042
LIRF,DEP,2021-04,2786,37022,31808.72500000001,1.871240129217514
LIRF,DEP,2021-05,3006,42546,38025.15000000008,1.503942115768436
LIRF,DEP,2021-06,4119,60847,50814.52500000014,2.4356579266811993
LIRF,DEP,2021-07,5786,90866,71419.0250000001,3.3610395782924134
LIRF,DEP,2021-08,6855,105929,83427.07499999984,3.282556528081716
LIRF,DEP,2021-09,6051,93599,74260.0500000001,3.1959923979507345
LIRF,DEP,2021-10,5697,90939,71623.77500000005,3.390420396700008
LIRF,DEP,2021-11,5884,94775,74776.47499999985,3.398797586675757
LIRF,DEP,2021-12,6189,96436,76099.77499999985,3.2858660526741237
LIRF,DEP,2022-01,5673,84382,64095.82500000001,3.5759166225982706
LIRF,DEP,2022-02,5149,80714,58767.950000000135,4.262196543018035
LIRF,DEP,2022-03,6666,101328,76490.84999999979,3.7259450945094823
LIRF,DEP,2022-04,8877,152819,102688.74999999946,5.647206263377328
LIRF,DEP,2022-05,9445,168919,107869.67500000006,6.463665960825828
LIRF,DEP,2022-06,10051,188907,114646.77499999994,7.388341956024283
LIRF,DEP,2022-07,10583,199145,120488.55000000005,7.432339601247279
LIRF,DEP,2022-08,10961,200910,123438.77500000004,7.067897545844354
LIRF,DEP,2022-09,10756,201352,122084.45000000027,7.3696123094086765
LIRF,DEP,2022-10,10247,176770,119556.35000000033,5.583453693763998
LIRF,DEP,2022-11,8374,163045,124402.4000000024,4.614592787198186
LSZH,DEP,2019-01,10836,161111.33333333334,91404.7175,6.432873369632092
LSZH,DEP,2019-02,9856,131724.83333333334,83801.44291666667,4.862356982210499
LSZH,DEP,2019-03,11035,137886.66666666666,95201.81125,3.8681337033680703
LSZH,DEP,2019-04,11631,144252.63333333333,99793.35458333332,3.822481192502794
LSZH,DEP,2019-05,12226,151800.9,105676.59083333334,3.772641024592398
LSZH,DEP,2019-06,12350,149486.2,104500.49583333332,3.6425671390013505
LSZH,DEP,2019-07,12886,160274.85,109634.68583333334,3.929859084794868
LSZH,DEP,2019-08,12622,157502.36666666667,108232.62291666666,3.9034815203612743
LSZH,DEP,2019-09,12180,152157.95,104374.43208333332,3.923113129447182
LSZH,DEP,2019-10,12025,145108.95,102855.92666666668,3.5137649341649353
LSZH,DEP,2019-11,9914,119414.6,85136.30166666667,3.4575648913993686
LSZH,DEP,2019-12,10100,127448.4,87661.45875,3.939301113861385
LSZH,DEP,2020-01,10295,134821.33333333334,88061.42,4.542002266472399
LSZH,DEP,2020-02,9328,119725.45,79927.3975,4.266515062178387
LSZH,DEP,2020-03,5572,61597.05,47280.45583333333,2.5693815805216564
LSZH,DEP,2020-04,958,8083.283333333334,6868.690833333333,1.267841858037579
LSZH,DEP,2020-05,1533,12911.183333333332,10236.03875,1.7450388671450312
LSZH,DEP,2020-06,2502,20728.85,16355.075416666668,1.7481113442579264
LSZH,DEP,2020-07,4957,45572.96666666667,36001.515,1.9308960392710648
LSZH,DEP,2020-08,5419,49860.066666666666,40132.42958333333,1.7950981884726582
LSZH,DEP,2020-09,4810,43194.96666666667,35262.37541666667,1.6491873700623696
LSZH,DEP,2020-10,4220,39166.416666666664,31900.4975,1.7217817930489725
LSZH,DEP,2020-11,2830,25468.716666666667,19347.31,2.1630412249705535
LSZH,DEP,2020-12,3239,32696.45,22571.027083333334,3.126095374086652
LSZH,DEP,2021-01,2476,31683.616666666647,20140.254166666706,4.662101171243919
LSZH,DEP,2021-02,2115,21004.933333333334,16466.27500000002,2.1459377462568865
LSZH,DEP,2021-03,2579,23971.500000000015,19389.0304166667,1.7768396988496755
LSZH,DEP,2021-04,3096,29757.91666666668,25379.082500000044,1.414352121016356
LSZH,DEP,2021-05,3644,33076.01666666669,28712.93375000009,1.1973334019392428
LSZH,DEP,2021-06,4715,43349.15,36166.11249999997,1.5234437963944931
LSZH,DEP,2021-07,7189,76461.98333333342,60184.794999999336,2.264179765382402
LSZH,DEP,2021-08,7622,78357.73333333358,62950.86791666592,2.0213678059128397
LSZH,DEP,2021-09,7547,78789.58333333381,61415.829999999296,2.302074113334373
LSZH,DEP,2021-10,7806,85744.44999999992,65061.41791666594,2.6496326009907745
LSZH,DEP,2021-11,6152,68995.6333333333,51095.74958333275,2.9096039905722617
LSZH,DEP,2021-12,6493,77049.1166666669,55171.7274999996,3.3693807433647467
LSZH,DEP,2022-01,6372,72720.8166666666,49802.75541666597,3.596682556497273
LSZH,DEP,2022-02,5774,63413.13333333341,46127.4508333331,2.9937101662626096
LSZH,DEP,2022-03,7322,78702.91666666664,58786.439583332765,2.7200870094692537
LSZH,DEP,2022-04,8932,102083.3999999998,73057.19875000017,3.249686660322395
LSZH,DEP,2022-05,10106,119535.60000000018,79741.93750000015,3.9376273995646183
LSZH,DEP,2022-06,10049,112048.48333333332,79701.11458333372,3.218963951636939
LSZH,DEP,2022-07,10833,121686.08333333326,88008.038750001,3.108838233484008
LSZH,DEP,2022-08,10692,124017.83333333304,88656.94041666787,3.3072290419626977
LSZH,DEP,2022-09,10364,116776.7000000001,84192.08791666725,3.144018919657743
LSZH,DEP,2022-10,10492,120352.66666666674,85708.68833333418,3.301942273478132
LSZH,DEP,2022-11,8554,92964.70000000008,69068.49749999975,2.793570551788676
LSZH,DEP,2022-12,8800,114743.9166666668,71676.60958333309,4.894012168560647
