ICAO,MOF,PHASE,CAP,PK_THRU,CAP70,SHARE_TIME_ABOVE,SHARE_DIFF,MVT_DIFF
SBBR,2019-01,TOT,14.25,16,9.975,0.21302250803858522,0.12280701754385964,1.75
SBBR,2019-02,TOT,14.25,15,9.975,0.21883530482256597,0.05263157894736842,0.75
SBBR,2019-03,TOT,14.25,9,9.975,0.039495114006514655,-0.3684210526315789,-5.25
SBBR,2019-04,TOT,14.25,9,9.975,0.034585824081981215,-0.3684210526315789,-5.25
SBBR,2019-05,TOT,14.25,9,9.975,0.02809446254071661,-0.3684210526315789,-5.25
SBBR,2019-06,TOT,14.25,9,9.975,0.029754204398447608,-0.3684210526315789,-5.25
SBBR,2019-07,TOT,14.25,9,9.975,0.02910882221227049,-0.3684210526315789,-5.25
SBBR,2019-08,TOT,14.25,9,9.975,0.04539722572509458,-0.3684210526315789,-5.25
SBBR,2019-09,TOT,14.25,10,9.975,0.057684029272492464,-0.2982456140350877,-4.25
SBBR,2019-10,TOT,14.25,10,9.975,0.06498344370860927,-0.2982456140350877,-4.25
SBBR,2019-11,TOT,14.25,10,9.975,0.06590136054421769,-0.2982456140350877,-4.25
SBBR,2019-12,TOT,14.25,10,9.975,0.05977382875605816,-0.2982456140350877,-4.25
SBBR,2020-01,TOT,14.5,10,10.149999999999999,0.045234248788368334,-0.3103448275862069,-4.5
SBBR,2020-02,TOT,14.5,10,10.149999999999999,0.0387736699729486,-0.3103448275862069,-4.5
SBBR,2020-03,TOT,14.5,9,10.149999999999999,0.030364372469635626,-0.3793103448275862,-5.5
SBBR,2020-04,TOT,14.5,3,10.149999999999999,0,-0.7931034482758621,-11.5
SBBR,2020-05,TOT,14.5,2,10.149999999999999,0,-0.8620689655172413,-12.5
SBBR,2020-06,TOT,14.5,2,10.149999999999999,0,-0.8620689655172413,-12.5
SBBR,2020-07,TOT,14.5,5,10.149999999999999,0,-0.6551724137931034,-9.5
SBBR,2020-08,TOT,14.5,7,10.149999999999999,0,-0.5172413793103449,-7.5
SBBR,2020-09,TOT,14.5,10,10.149999999999999,0.027628032345013476,-0.3103448275862069,-4.5
SBBR,2020-10,TOT,14.5,10,10.149999999999999,0.03966480446927374,-0.3103448275862069,-4.5
SBBR,2020-11,TOT,14.5,10,10.149999999999999,0.031995661605206074,-0.3103448275862069,-4.5
SBBR,2020-12,TOT,14.5,10,10.149999999999999,0.041626331074540175,-0.3103448275862069,-4.5
SBBR,2021-01,TOT,15,11,10.5,0.0548011639185257,-0.26666666666666666,-4
SBBR,2021-02,TOT,15,9,10.5,0.01735106998264893,-0.4,-6
SBBR,2021-03,TOT,15,9,10.5,0.020121951219512196,-0.4,-6
SBBR,2021-04,TOT,15,6,10.5,0.002073255010366275,-0.6,-9
SBBR,2021-05,TOT,15,8,10.5,0.002430133657351154,-0.4666666666666667,-7
SBBR,2021-06,TOT,15,9,10.5,0.007307476110174255,-0.4,-6
SBBR,2021-07,TOT,15,9,10.5,0.02720763723150358,-0.4,-6
SBBR,2021-08,TOT,15,10,10.5,0.03425309229305423,-0.3333333333333333,-5
SBBR,2021-09,TOT,15,10,10.5,0.044838860345632885,-0.3333333333333333,-5
SBBR,2021-10,TOT,15,10,10.5,0.040203327171903884,-0.3333333333333333,-5
SBBR,2021-11,TOT,15,10,10.5,0.03243490178163545,-0.3333333333333333,-5
SBBR,2021-12,TOT,15,10,10.5,0.03333333333333333,-0.3333333333333333,-5
SBBR,2022-01,TOT,15,10,10.5,0.03739130434782609,-0.3333333333333333,-5
SBBR,2022-02,TOT,15,9,10.5,0.02266872746007213,-0.4,-6
SBBR,2022-03,TOT,15,9,10.5,0.024200913242009132,-0.4,-6
SBBR,2022-04,TOT,15,9,10.5,0.012304779933743492,-0.4,-6
SBBR,2022-05,TOT,15,9,10.5,0.010801080108010801,-0.4,-6
SBBR,2022-06,TOT,15,9,10.5,0.007532956685499058,-0.4,-6
SBBR,2022-07,TOT,15,9,10.5,0.017781541066892465,-0.4,-6
SBBR,2022-08,TOT,15,9,10.5,0.02327586206896552,-0.4,-6
SBBR,2022-09,TOT,15,9,10.5,0.01859229747675963,-0.4,-6
SBBR,2022-10,TOT,15,9,10.5,0.019700214132762312,-0.4,-6
SBBR,2022-11,TOT,15,9,10.5,0.01838392475416845,-0.4,-6
SBBR,2022-12,TOT,15,10,10.5,0.027261462205700124,-0.3333333333333333,-5
SBCF,2019-01,TOT,14.25,11,9.975,0.10281923714759536,-0.22807017543859648,-3.25
SBCF,2019-02,TOT,14.25,11,9.975,0.09015639374425023,-0.22807017543859648,-3.25
SBCF,2019-03,TOT,14.25,7,9.975,0,-0.5087719298245614,-7.25
SBCF,2019-04,TOT,14.25,7,9.975,4.4169611307420494e-4,-0.5087719298245614,-7.25
SBCF,2019-05,TOT,14.25,6,9.975,0,-0.5789473684210527,-8.25
SBCF,2019-06,TOT,14.25,7,9.975,0,-0.5087719298245614,-7.25
SBCF,2019-07,TOT,14.25,6,9.975,0,-0.5789473684210527,-8.25
SBCF,2019-08,TOT,14.25,7,9.975,0,-0.5087719298245614,-7.25
SBCF,2019-09,TOT,14.25,7,9.975,0,-0.5087719298245614,-7.25
SBCF,2019-10,TOT,14.25,7,9.975,0,-0.5087719298245614,-7.25
SBCF,2019-11,TOT,14.25,7,9.975,0.0012908777969018934,-0.5087719298245614,-7.25
SBCF,2019-12,TOT,14.25,6,9.975,0,-0.5789473684210527,-8.25
SBCF,2020-01,TOT,14.5,7,10.149999999999999,0,-0.5172413793103449,-7.5
SBCF,2020-02,TOT,14.5,7,10.149999999999999,0,-0.5172413793103449,-7.5
SBCF,2020-03,TOT,14.5,6,10.149999999999999,5.235602094240838e-4,-0.5862068965517241,-8.5
SBCF,2020-04,TOT,14.5,3,10.149999999999999,0,-0.7931034482758621,-11.5
SBCF,2020-05,TOT,14.5,2,10.149999999999999,0,-0.8620689655172413,-12.5
SBCF,2020-06,TOT,14.5,3,10.149999999999999,0,-0.7931034482758621,-11.5
SBCF,2020-07,TOT,14.5,3,10.149999999999999,0,-0.7931034482758621,-11.5
SBCF,2020-08,TOT,14.5,3,10.149999999999999,0,-0.7931034482758621,-11.5
SBCF,2020-09,TOT,14.5,4,10.149999999999999,0,-0.7241379310344828,-10.5
SBCF,2020-10,TOT,14.5,5,10.149999999999999,0,-0.6551724137931034,-9.5
SBCF,2020-11,TOT,14.5,5,10.149999999999999,0,-0.6551724137931034,-9.5
SBCF,2020-12,TOT,14.5,5,10.149999999999999,0,-0.6551724137931034,-9.5
SBCF,2021-01,TOT,15,6,10.5,0,-0.6,-9
SBCF,2021-02,TOT,15,5,10.5,0,-0.6666666666666666,-10
SBCF,2021-03,TOT,15,5,10.5,0,-0.6666666666666666,-10
SBCF,2021-04,TOT,15,4,10.5,0,-0.7333333333333333,-11
SBCF,2021-05,TOT,15,5,10.5,0,-0.6666666666666666,-10
SBCF,2021-06,TOT,15,5,10.5,0,-0.6666666666666666,-10
SBCF,2021-07,TOT,15,5,10.5,0,-0.6666666666666666,-10
SBCF,2021-08,TOT,15,5,10.5,0,-0.6666666666666666,-10
SBCF,2021-09,TOT,15,6,10.5,0,-0.6,-9
SBCF,2021-10,TOT,15,6,10.5,0,-0.6,-9
SBCF,2021-11,TOT,15,6,10.5,0,-0.6,-9
SBCF,2021-12,TOT,15,6,10.5,0,-0.6,-9
SBCF,2022-01,TOT,15,6,10.5,0,-0.6,-9
SBCF,2022-02,TOT,15,6,10.5,0,-0.6,-9
SBCF,2022-03,TOT,15,6,10.5,0,-0.6,-9
SBCF,2022-04,TOT,15,6,10.5,0,-0.6,-9
SBCF,2022-05,TOT,15,6,10.5,0,-0.6,-9
SBCF,2022-06,TOT,15,6,10.5,0,-0.6,-9
SBCF,2022-07,TOT,15,7,10.5,0,-0.5333333333333333,-8
SBCF,2022-08,TOT,15,6,10.5,0,-0.6,-9
SBCF,2022-09,TOT,15,6,10.5,0,-0.6,-9
SBCF,2022-10,TOT,15,6,10.5,0,-0.6,-9
SBCF,2022-11,TOT,15,6,10.5,0,-0.6,-9
SBCF,2022-12,TOT,15,6,10.5,0,-0.6,-9
SBGR,2019-01,TOT,14.25,21,9.975,0.6969800960878517,0.47368421052631576,6.75
SBGR,2019-02,TOT,14.25,20,9.975,0.6797709923664123,0.40350877192982454,5.75
SBGR,2019-03,TOT,14.25,13,9.975,0.32459468782338735,-0.08771929824561403,-1.25
SBGR,2019-04,TOT,14.25,12,9.975,0.3012134189864383,-0.15789473684210525,-2.25
SBGR,2019-05,TOT,14.25,11,9.975,0.17157712305025996,-0.22807017543859648,-3.25
SBGR,2019-06,TOT,14.25,12,9.975,0.2058718224131758,-0.15789473684210525,-2.25
SBGR,2019-07,TOT,14.25,11,9.975,0.1614950634696756,-0.22807017543859648,-3.25
SBGR,2019-08,TOT,14.25,13,9.975,0.3129508759876331,-0.08771929824561403,-1.25
SBGR,2019-09,TOT,14.25,13,9.975,0.3438721136767318,-0.08771929824561403,-1.25
SBGR,2019-10,TOT,14.25,13,9.975,0.3020295837633299,-0.08771929824561403,-1.25
SBGR,2019-11,TOT,14.25,13,9.975,0.33048737104233367,-0.08771929824561403,-1.25
SBGR,2019-12,TOT,14.25,13,9.975,0.43202208419599725,-0.08771929824561403,-1.25
SBGR,2020-01,TOT,14.5,13,10.149999999999999,0.2306878306878307,-0.10344827586206896,-1.5
SBGR,2020-02,TOT,14.5,13,10.149999999999999,0.2025894897182026,-0.10344827586206896,-1.5
SBGR,2020-03,TOT,14.5,12,10.149999999999999,0.12178517397881997,-0.1724137931034483,-2.5
SBGR,2020-04,TOT,14.5,6,10.149999999999999,0,-0.5862068965517241,-8.5
SBGR,2020-05,TOT,14.5,4,10.149999999999999,0,-0.7241379310344828,-10.5
SBGR,2020-06,TOT,14.5,5,10.149999999999999,5.820721769499418e-4,-0.6551724137931034,-9.5
SBGR,2020-07,TOT,14.5,7,10.149999999999999,0.001507537688442211,-0.5172413793103449,-7.5
SBGR,2020-08,TOT,14.5,8,10.149999999999999,0.0031803725579282144,-0.4482758620689655,-6.5
SBGR,2020-09,TOT,14.5,9,10.149999999999999,0.014583333333333334,-0.3793103448275862,-5.5
SBGR,2020-10,TOT,14.5,9,10.149999999999999,0.02080968596292092,-0.3793103448275862,-5.5
SBGR,2020-11,TOT,14.5,10,10.149999999999999,0.02951322345726332,-0.3103448275862069,-4.5
SBGR,2020-12,TOT,14.5,10,10.149999999999999,0.03674634320371031,-0.3103448275862069,-4.5
SBGR,2021-01,TOT,15,10,10.5,0.04550379198266522,-0.3333333333333333,-5
SBGR,2021-02,TOT,15,9,10.5,0.02451768488745981,-0.4,-6
SBGR,2021-03,TOT,15,8,10.5,0.014194994396712738,-0.4666666666666667,-7
SBGR,2021-04,TOT,15,7,10.5,0,-0.5333333333333333,-8
SBGR,2021-05,TOT,15,9,10.5,0.021434138737334373,-0.4,-6
SBGR,2021-06,TOT,15,9,10.5,0.021739130434782608,-0.4,-6
SBGR,2021-07,TOT,15,11,10.5,0.051805910251732944,-0.26666666666666666,-4
SBGR,2021-08,TOT,15,10,10.5,0.045925925925925926,-0.3333333333333333,-5
SBGR,2021-09,TOT,15,11,10.5,0.05320754716981132,-0.26666666666666666,-4
SBGR,2021-10,TOT,15,10,10.5,0.047739602169981916,-0.3333333333333333,-5
SBGR,2021-11,TOT,15,11,10.5,0.05321507760532151,-0.26666666666666666,-4
SBGR,2021-12,TOT,15,11,10.5,0.05604511808248149,-0.26666666666666666,-4
SBGR,2022-01,TOT,15,10,10.5,0.048893647394718055,-0.3333333333333333,-5
SBGR,2022-02,TOT,15,10,10.5,0.04365079365079365,-0.3333333333333333,-5
SBGR,2022-03,TOT,15,10,10.5,0.03027065527065527,-0.3333333333333333,-5
SBGR,2022-04,TOT,15,10,10.5,0.03576642335766423,-0.3333333333333333,-5
SBGR,2022-05,TOT,15,10,10.5,0.03729767769176636,-0.3333333333333333,-5
SBGR,2022-06,TOT,15,10,10.5,0.039045553145336226,-0.3333333333333333,-5
SBGR,2022-07,TOT,15,11,10.5,0.07676348547717843,-0.26666666666666666,-4
SBGR,2022-08,TOT,15,11,10.5,0.07231833910034602,-0.26666666666666666,-4
SBGR,2022-09,TOT,15,11,10.5,0.07480314960629922,-0.26666666666666666,-4
SBGR,2022-10,TOT,15,11,10.5,0.07226832641770402,-0.26666666666666666,-4
SBGR,2022-11,TOT,15,11,10.5,0.07647907647907648,-0.26666666666666666,-4
SBGR,2022-12,TOT,15,12,10.5,0.10211145725164417,-0.2,-3
SBKP,2019-01,TOT,14.25,13,9.975,0.1663886572143453,-0.08771929824561403,-1.25
SBKP,2019-02,TOT,14.25,13,9.975,0.17249205628688152,-0.08771929824561403,-1.25
SBKP,2019-03,TOT,14.25,7,9.975,4.182350480970305e-4,-0.5087719298245614,-7.25
SBKP,2019-04,TOT,14.25,7,9.975,0.0012815036309269544,-0.5087719298245614,-7.25
SBKP,2019-05,TOT,14.25,7,9.975,0.001652892561983471,-0.5087719298245614,-7.25
SBKP,2019-06,TOT,14.25,7,9.975,4.278990158322636e-4,-0.5087719298245614,-7.25
SBKP,2019-07,TOT,14.25,7,9.975,9.033423667570009e-4,-0.5087719298245614,-7.25
SBKP,2019-08,TOT,14.25,7,9.975,4.0584415584415587e-4,-0.5087719298245614,-7.25
SBKP,2019-09,TOT,14.25,7,9.975,8.453085376162299e-4,-0.5087719298245614,-7.25
SBKP,2019-10,TOT,14.25,7,9.975,0.0024479804161566705,-0.5087719298245614,-7.25
SBKP,2019-11,TOT,14.25,7,9.975,0,-0.5087719298245614,-7.25
SBKP,2019-12,TOT,14.25,7,9.975,4.1841004184100416e-4,-0.5087719298245614,-7.25
SBKP,2020-01,TOT,14.5,7,10.149999999999999,0,-0.5172413793103449,-7.5
SBKP,2020-02,TOT,14.5,7,10.149999999999999,0,-0.5172413793103449,-7.5
SBKP,2020-03,TOT,14.5,6,10.149999999999999,0,-0.5862068965517241,-8.5
SBKP,2020-04,TOT,14.5,5,10.149999999999999,0,-0.6551724137931034,-9.5
SBKP,2020-05,TOT,14.5,3,10.149999999999999,0,-0.7931034482758621,-11.5
SBKP,2020-06,TOT,14.5,3,10.149999999999999,0,-0.7931034482758621,-11.5
SBKP,2020-07,TOT,14.5,3,10.149999999999999,0,-0.7931034482758621,-11.5
SBKP,2020-08,TOT,14.5,3,10.149999999999999,0,-0.7931034482758621,-11.5
SBKP,2020-09,TOT,14.5,5,10.149999999999999,0,-0.6551724137931034,-9.5
SBKP,2020-10,TOT,14.5,6,10.149999999999999,0,-0.5862068965517241,-8.5
SBKP,2020-11,TOT,14.5,7,10.149999999999999,0,-0.5172413793103449,-7.5
SBKP,2020-12,TOT,14.5,7,10.149999999999999,0,-0.5172413793103449,-7.5
SBKP,2021-01,TOT,15,7,10.5,0,-0.5333333333333333,-8
SBKP,2021-02,TOT,15,7,10.5,0,-0.5333333333333333,-8
SBKP,2021-03,TOT,15,7,10.5,0,-0.5333333333333333,-8
SBKP,2021-04,TOT,15,6,10.5,0,-0.6,-9
SBKP,2021-05,TOT,15,6,10.5,0,-0.6,-9
SBKP,2021-06,TOT,15,7,10.5,0,-0.5333333333333333,-8
SBKP,2021-07,TOT,15,7,10.5,0,-0.5333333333333333,-8
SBKP,2021-08,TOT,15,7,10.5,8.507018290089324e-4,-0.5333333333333333,-8
SBKP,2021-09,TOT,15,8,10.5,0.00228310502283105,-0.4666666666666667,-7
SBKP,2021-10,TOT,15,8,10.5,4.314063848144953e-4,-0.4666666666666667,-7
SBKP,2021-11,TOT,15,8,10.5,4.351610095735422e-4,-0.4666666666666667,-7
SBKP,2021-12,TOT,15,8,10.5,8.39278220730172e-4,-0.4666666666666667,-7
SBKP,2022-01,TOT,15,7,10.5,4.434589800443459e-4,-0.5333333333333333,-8
SBKP,2022-02,TOT,15,8,10.5,0,-0.4666666666666667,-7
SBKP,2022-03,TOT,15,8,10.5,8.456659619450317e-4,-0.4666666666666667,-7
SBKP,2022-04,TOT,15,8,10.5,0.0026513477684489617,-0.4666666666666667,-7
SBKP,2022-05,TOT,15,8,10.5,0.00211864406779661,-0.4666666666666667,-7
SBKP,2022-06,TOT,15,8,10.5,8.956560680698612e-4,-0.4666666666666667,-7
SBKP,2022-07,TOT,15,8,10.5,0.0012229922543823889,-0.4666666666666667,-7
SBKP,2022-08,TOT,15,8,10.5,0.0012259910093992644,-0.4666666666666667,-7
SBKP,2022-09,TOT,15,8,10.5,4.2069835927639884e-4,-0.4666666666666667,-7
SBKP,2022-10,TOT,15,8,10.5,0.0016207455429497568,-0.4666666666666667,-7
SBKP,2022-11,TOT,15,8,10.5,4.166666666666667e-4,-0.4666666666666667,-7
SBKP,2022-12,TOT,15,8,10.5,0,-0.4666666666666667,-7
SBRF,2019-01,TOT,14.25,9,9.975,0.030537459283387622,-0.3684210526315789,-5.25
SBRF,2019-02,TOT,14.25,8,9.975,0.0272975432211101,-0.43859649122807015,-6.25
SBRF,2019-03,TOT,14.25,5,9.975,0,-0.6491228070175439,-9.25
SBRF,2019-04,TOT,14.25,5,9.975,0,-0.6491228070175439,-9.25
SBRF,2019-05,TOT,14.25,5,9.975,0,-0.6491228070175439,-9.25
SBRF,2019-06,TOT,14.25,5,9.975,0,-0.6491228070175439,-9.25
SBRF,2019-07,TOT,14.25,5,9.975,0,-0.6491228070175439,-9.25
SBRF,2019-08,TOT,14.25,5,9.975,0,-0.6491228070175439,-9.25
SBRF,2019-09,TOT,14.25,5,9.975,0,-0.6491228070175439,-9.25
SBRF,2019-10,TOT,14.25,5,9.975,0,-0.6491228070175439,-9.25
SBRF,2019-11,TOT,14.25,5,9.975,0,-0.6491228070175439,-9.25
SBRF,2019-12,TOT,14.25,5,9.975,0,-0.6491228070175439,-9.25
SBRF,2020-01,TOT,14.5,5,10.149999999999999,0,-0.6551724137931034,-9.5
SBRF,2020-02,TOT,14.5,5,10.149999999999999,0,-0.6551724137931034,-9.5
SBRF,2020-03,TOT,14.5,5,10.149999999999999,0,-0.6551724137931034,-9.5
SBRF,2020-04,TOT,14.5,4,10.149999999999999,0,-0.7241379310344828,-10.5
SBRF,2020-05,TOT,14.5,2,10.149999999999999,0,-0.8620689655172413,-12.5
SBRF,2020-06,TOT,14.5,2,10.149999999999999,0,-0.8620689655172413,-12.5
SBRF,2020-07,TOT,14.5,2,10.149999999999999,0,-0.8620689655172413,-12.5
SBRF,2020-08,TOT,14.5,3,10.149999999999999,0,-0.7931034482758621,-11.5
SBRF,2020-09,TOT,14.5,3,10.149999999999999,0,-0.7931034482758621,-11.5
SBRF,2020-10,TOT,14.5,4,10.149999999999999,0,-0.7241379310344828,-10.5
SBRF,2020-11,TOT,14.5,4,10.149999999999999,0,-0.7241379310344828,-10.5
SBRF,2020-12,TOT,14.5,5,10.149999999999999,0,-0.6551724137931034,-9.5
SBRF,2021-01,TOT,15,5,10.5,0,-0.6666666666666666,-10
SBRF,2021-02,TOT,15,5,10.5,0,-0.6666666666666666,-10
SBRF,2021-03,TOT,15,5,10.5,0,-0.6666666666666666,-10
SBRF,2021-04,TOT,15,4,10.5,0,-0.7333333333333333,-11
SBRF,2021-05,TOT,15,4,10.5,0,-0.7333333333333333,-11
SBRF,2021-06,TOT,15,5,10.5,0,-0.6666666666666666,-10
SBRF,2021-07,TOT,15,5,10.5,0,-0.6666666666666666,-10
SBRF,2021-08,TOT,15,5,10.5,0,-0.6666666666666666,-10
SBRF,2021-09,TOT,15,5,10.5,0,-0.6666666666666666,-10
SBRF,2021-10,TOT,15,5,10.5,0,-0.6666666666666666,-10
SBRF,2021-11,TOT,15,5,10.5,0,-0.6666666666666666,-10
SBRF,2021-12,TOT,15,5,10.5,0,-0.6666666666666666,-10
SBRF,2022-01,TOT,15,5,10.5,0,-0.6666666666666666,-10
SBRF,2022-02,TOT,15,5,10.5,0,-0.6666666666666666,-10
SBRF,2022-03,TOT,15,5,10.5,0,-0.6666666666666666,-10
SBRF,2022-04,TOT,15,5,10.5,0,-0.6666666666666666,-10
SBRF,2022-05,TOT,15,5,10.5,0,-0.6666666666666666,-10
SBRF,2022-06,TOT,15,5,10.5,0,-0.6666666666666666,-10
SBRF,2022-07,TOT,15,5,10.5,0,-0.6666666666666666,-10
SBRF,2022-08,TOT,15,6,10.5,0,-0.6,-9
SBRF,2022-09,TOT,15,6,10.5,0,-0.6,-9
SBRF,2022-10,TOT,15,6,10.5,0,-0.6,-9
SBRF,2022-11,TOT,15,6,10.5,0,-0.6,-9
SBRF,2022-12,TOT,15,6,10.5,0,-0.6,-9
SBRJ,2019-01,TOT,14.25,10,9.975,0.07498766650222002,-0.2982456140350877,-4.25
SBRJ,2019-02,TOT,14.25,10,9.975,0.05953031130529765,-0.2982456140350877,-4.25
SBRJ,2019-03,TOT,14.25,6,9.975,0,-0.5789473684210527,-8.25
SBRJ,2019-04,TOT,14.25,7,9.975,0,-0.5087719298245614,-7.25
SBRJ,2019-05,TOT,14.25,7,9.975,0,-0.5087719298245614,-7.25
SBRJ,2019-06,TOT,14.25,6,9.975,0,-0.5789473684210527,-8.25
SBRJ,2019-07,TOT,14.25,6,9.975,0,-0.5789473684210527,-8.25
SBRJ,2019-08,TOT,14.25,6,9.975,0,-0.5789473684210527,-8.25
SBRJ,2019-09,TOT,14.25,6,9.975,0,-0.5789473684210527,-8.25
SBRJ,2019-10,TOT,14.25,7,9.975,0,-0.5087719298245614,-7.25
SBRJ,2019-11,TOT,14.25,7,9.975,5.022601707684581e-4,-0.5087719298245614,-7.25
SBRJ,2019-12,TOT,14.25,7,9.975,0,-0.5087719298245614,-7.25
SBRJ,2020-01,TOT,14.5,7,10.149999999999999,0,-0.5172413793103449,-7.5
SBRJ,2020-02,TOT,14.5,7,10.149999999999999,5.184033177812338e-4,-0.5172413793103449,-7.5
SBRJ,2020-03,TOT,14.5,7,10.149999999999999,0,-0.5172413793103449,-7.5
SBRJ,2020-04,TOT,14.5,3,10.149999999999999,0,-0.7931034482758621,-11.5
SBRJ,2020-05,TOT,14.5,1,10.149999999999999,0,-0.9310344827586207,-13.5
SBRJ,2020-06,TOT,14.5,2,10.149999999999999,0,-0.8620689655172413,-12.5
SBRJ,2020-07,TOT,14.5,3,10.149999999999999,0,-0.7931034482758621,-11.5
SBRJ,2020-08,TOT,14.5,3,10.149999999999999,0,-0.7931034482758621,-11.5
SBRJ,2020-09,TOT,14.5,4,10.149999999999999,0,-0.7241379310344828,-10.5
SBRJ,2020-10,TOT,14.5,5,10.149999999999999,0,-0.6551724137931034,-9.5
SBRJ,2020-11,TOT,14.5,5,10.149999999999999,0,-0.6551724137931034,-9.5
SBRJ,2020-12,TOT,14.5,6,10.149999999999999,0,-0.5862068965517241,-8.5
SBRJ,2021-01,TOT,15,5,10.5,0,-0.6666666666666666,-10
SBRJ,2021-02,TOT,15,5,10.5,0,-0.6666666666666666,-10
SBRJ,2021-03,TOT,15,4,10.5,0,-0.7333333333333333,-11
SBRJ,2021-04,TOT,15,3,10.5,0,-0.8,-12
SBRJ,2021-05,TOT,15,4,10.5,0,-0.7333333333333333,-11
SBRJ,2021-06,TOT,15,5,10.5,0,-0.6666666666666666,-10
SBRJ,2021-07,TOT,15,5,10.5,0,-0.6666666666666666,-10
SBRJ,2021-08,TOT,15,5,10.5,0,-0.6666666666666666,-10
SBRJ,2021-09,TOT,15,6,10.5,0,-0.6,-9
SBRJ,2021-10,TOT,15,6,10.5,0,-0.6,-9
SBRJ,2021-11,TOT,15,6,10.5,0,-0.6,-9
SBRJ,2021-12,TOT,15,6,10.5,0,-0.6,-9
SBRJ,2022-01,TOT,15,5,10.5,0,-0.6666666666666666,-10
SBRJ,2022-02,TOT,15,5,10.5,0,-0.6666666666666666,-10
SBRJ,2022-03,TOT,15,6,10.5,0,-0.6,-9
SBRJ,2022-04,TOT,15,7,10.5,0,-0.5333333333333333,-8
SBRJ,2022-05,TOT,15,7,10.5,0,-0.5333333333333333,-8
SBRJ,2022-06,TOT,15,7,10.5,0,-0.5333333333333333,-8
SBRJ,2022-07,TOT,15,7,10.5,0,-0.5333333333333333,-8
SBRJ,2022-08,TOT,15,7,10.5,0,-0.5333333333333333,-8
SBRJ,2022-09,TOT,15,7,10.5,0,-0.5333333333333333,-8
SBRJ,2022-10,TOT,15,7,10.5,0,-0.5333333333333333,-8
SBRJ,2022-11,TOT,15,7,10.5,0,-0.5333333333333333,-8
SBRJ,2022-12,TOT,15,7,10.5,0,-0.5333333333333333,-8
SBSP,2019-01,TOT,14.25,16,9.975,0.7029750479846449,0.12280701754385964,1.75
SBSP,2019-02,TOT,14.25,16,9.975,0.6962765957446808,0.12280701754385964,1.75
SBSP,2019-03,TOT,14.25,10,9.975,0.12542372881355932,-0.2982456140350877,-4.25
SBSP,2019-04,TOT,14.25,10,9.975,0.13654618473895583,-0.2982456140350877,-4.25
SBSP,2019-05,TOT,14.25,10,9.975,0.09694619486185167,-0.2982456140350877,-4.25
SBSP,2019-06,TOT,14.25,10,9.975,0.07800704579768496,-0.2982456140350877,-4.25
SBSP,2019-07,TOT,14.25,9,9.975,0.04356338717572198,-0.3684210526315789,-5.25
SBSP,2019-08,TOT,14.25,10,9.975,0.09174757281553399,-0.2982456140350877,-4.25
SBSP,2019-09,TOT,14.25,10,9.975,0.13913913913913914,-0.2982456140350877,-4.25
SBSP,2019-10,TOT,14.25,10,9.975,0.12892322549493,-0.2982456140350877,-4.25
SBSP,2019-11,TOT,14.25,10,9.975,0.14972731779871096,-0.2982456140350877,-4.25
SBSP,2019-12,TOT,14.25,10,9.975,0.1600192215281115,-0.2982456140350877,-4.25
SBSP,2020-01,TOT,14.5,11,10.149999999999999,0.051059730250481696,-0.2413793103448276,-3.5
SBSP,2020-02,TOT,14.5,10,10.149999999999999,0.04173106646058733,-0.3103448275862069,-4.5
SBSP,2020-03,TOT,14.5,10,10.149999999999999,0.026501766784452298,-0.3103448275862069,-4.5
SBSP,2020-04,TOT,14.5,2,10.149999999999999,0,-0.8620689655172413,-12.5
SBSP,2020-05,TOT,14.5,1,10.149999999999999,0,-0.9310344827586207,-13.5
SBSP,2020-06,TOT,14.5,3,10.149999999999999,0,-0.7931034482758621,-11.5
SBSP,2020-07,TOT,14.5,3,10.149999999999999,0,-0.7931034482758621,-11.5
SBSP,2020-08,TOT,14.5,2,10.149999999999999,0,-0.8620689655172413,-12.5
SBSP,2020-09,TOT,14.5,3,10.149999999999999,0,-0.7931034482758621,-11.5
SBSP,2020-10,TOT,14.5,5,10.149999999999999,0,-0.6551724137931034,-9.5
SBSP,2020-11,TOT,14.5,6,10.149999999999999,0,-0.5862068965517241,-8.5
SBSP,2020-12,TOT,14.5,6,10.149999999999999,0,-0.5862068965517241,-8.5
SBSP,2021-01,TOT,15,7,10.5,0,-0.5333333333333333,-8
SBSP,2021-02,TOT,15,6,10.5,0,-0.6,-9
SBSP,2021-03,TOT,15,5,10.5,0,-0.6666666666666666,-10
SBSP,2021-04,TOT,15,3,10.5,0,-0.8,-12
SBSP,2021-05,TOT,15,4,10.5,0,-0.7333333333333333,-11
SBSP,2021-06,TOT,15,5,10.5,0,-0.6666666666666666,-10
SBSP,2021-07,TOT,15,6,10.5,5.078720162519045e-4,-0.6,-9
SBSP,2021-08,TOT,15,6,10.5,0,-0.6,-9
SBSP,2021-09,TOT,15,7,10.5,0,-0.5333333333333333,-8
SBSP,2021-10,TOT,15,7,10.5,0,-0.5333333333333333,-8
SBSP,2021-11,TOT,15,8,10.5,0,-0.4666666666666667,-7
SBSP,2021-12,TOT,15,8,10.5,0.0014457831325301205,-0.4666666666666667,-7
SBSP,2022-01,TOT,15,8,10.5,9.704027171276079e-4,-0.4666666666666667,-7
SBSP,2022-02,TOT,15,8,10.5,0.0016286644951140066,-0.4666666666666667,-7
SBSP,2022-03,TOT,15,8,10.5,0.0014727540500736377,-0.4666666666666667,-7
SBSP,2022-04,TOT,15,9,10.5,0.006509764646970456,-0.4,-6
SBSP,2022-05,TOT,15,9,10.5,0.008712487899322363,-0.4,-6
SBSP,2022-06,TOT,15,9,10.5,0.008529854490717512,-0.4,-6
SBSP,2022-07,TOT,15,9,10.5,0.008666345690900338,-0.4,-6
SBSP,2022-08,TOT,15,9,10.5,0.0052935514918190565,-0.4,-6
SBSP,2022-09,TOT,15,9,10.5,0.007455268389662028,-0.4,-6
SBSP,2022-10,TOT,15,10,10.5,0.013625304136253041,-0.3333333333333333,-5
SBSP,2022-11,TOT,15,10,10.5,0.03938946331856229,-0.3333333333333333,-5
SBSP,2022-12,TOT,15,10,10.5,0.03301435406698565,-0.3333333333333333,-5
SBSV,2019-01,TOT,14.25,7,9.975,0.008120649651972157,-0.5087719298245614,-7.25
SBSV,2019-02,TOT,14.25,7,9.975,0.004551661356395084,-0.5087719298245614,-7.25
SBSV,2019-03,TOT,14.25,4,9.975,0,-0.7192982456140351,-10.25
SBSV,2019-04,TOT,14.25,4,9.975,0,-0.7192982456140351,-10.25
SBSV,2019-05,TOT,14.25,3,9.975,0,-0.7894736842105263,-11.25
SBSV,2019-06,TOT,14.25,4,9.975,0,-0.7192982456140351,-10.25
SBSV,2019-07,TOT,14.25,4,9.975,0,-0.7192982456140351,-10.25
SBSV,2019-08,TOT,14.25,4,9.975,0,-0.7192982456140351,-10.25
SBSV,2019-09,TOT,14.25,4,9.975,0,-0.7192982456140351,-10.25
SBSV,2019-10,TOT,14.25,4,9.975,0,-0.7192982456140351,-10.25
SBSV,2019-11,TOT,14.25,4,9.975,0,-0.7192982456140351,-10.25
SBSV,2019-12,TOT,14.25,5,9.975,0,-0.6491228070175439,-9.25
SBSV,2020-01,TOT,14.5,5,10.149999999999999,0,-0.6551724137931034,-9.5
SBSV,2020-02,TOT,14.5,4,10.149999999999999,0,-0.7241379310344828,-10.5
SBSV,2020-03,TOT,14.5,4,10.149999999999999,0,-0.7241379310344828,-10.5
SBSV,2020-04,TOT,14.5,2,10.149999999999999,0,-0.8620689655172413,-12.5
SBSV,2020-05,TOT,14.5,2,10.149999999999999,0,-0.8620689655172413,-12.5
SBSV,2020-06,TOT,14.5,2,10.149999999999999,0,-0.8620689655172413,-12.5
SBSV,2020-07,TOT,14.5,3,10.149999999999999,0,-0.7931034482758621,-11.5
SBSV,2020-08,TOT,14.5,3,10.149999999999999,0,-0.7931034482758621,-11.5
SBSV,2020-09,TOT,14.5,4,10.149999999999999,0,-0.7241379310344828,-10.5
SBSV,2020-10,TOT,14.5,4,10.149999999999999,0,-0.7241379310344828,-10.5
SBSV,2020-11,TOT,14.5,4,10.149999999999999,0,-0.7241379310344828,-10.5
SBSV,2020-12,TOT,14.5,5,10.149999999999999,0,-0.6551724137931034,-9.5
SBSV,2021-01,TOT,15,5,10.5,0,-0.6666666666666666,-10
SBSV,2021-02,TOT,15,5,10.5,0,-0.6666666666666666,-10
SBSV,2021-03,TOT,15,5,10.5,0,-0.6666666666666666,-10
SBSV,2021-04,TOT,15,3,10.5,0,-0.8,-12
SBSV,2021-05,TOT,15,3,10.5,0,-0.8,-12
SBSV,2021-06,TOT,15,4,10.5,0,-0.7333333333333333,-11
SBSV,2021-07,TOT,15,4,10.5,0,-0.7333333333333333,-11
SBSV,2021-08,TOT,15,4,10.5,0,-0.7333333333333333,-11
SBSV,2021-09,TOT,15,5,10.5,0,-0.6666666666666666,-10
SBSV,2021-10,TOT,15,5,10.5,0,-0.6666666666666666,-10
SBSV,2021-11,TOT,15,5,10.5,0,-0.6666666666666666,-10
SBSV,2021-12,TOT,15,5,10.5,0,-0.6666666666666666,-10
SBSV,2022-01,TOT,15,5,10.5,0,-0.6666666666666666,-10
SBSV,2022-02,TOT,15,5,10.5,0,-0.6666666666666666,-10
SBSV,2022-03,TOT,15,5,10.5,0,-0.6666666666666666,-10
SBSV,2022-04,TOT,15,5,10.5,0,-0.6666666666666666,-10
SBSV,2022-05,TOT,15,5,10.5,0,-0.6666666666666666,-10
SBSV,2022-06,TOT,15,5,10.5,0,-0.6666666666666666,-10
SBSV,2022-07,TOT,15,5,10.5,0,-0.6666666666666666,-10
SBSV,2022-08,TOT,15,5,10.5,0,-0.6666666666666666,-10
SBSV,2022-09,TOT,15,5,10.5,0,-0.6666666666666666,-10
SBSV,2022-10,TOT,15,5,10.5,0,-0.6666666666666666,-10
SBSV,2022-11,TOT,15,5,10.5,0,-0.6666666666666666,-10
SBSV,2022-12,TOT,15,5,10.5,0,-0.6666666666666666,-10
