APT,PHASE,MOF,MVTS,ADD_TIME,AVG_ADD_TIME
SBBR,ARR,2019-01,5285,14482.960000000001,2.7403897824030277
SBBR,ARR,2019-02,4708,13951.219999999996,2.9633007646559038
SBBR,ARR,2019-03,5119,14977.099999999997,2.9257862863840587
SBBR,ARR,2019-04,4803,10493.28,2.18473454091193
SBBR,ARR,2019-05,4807,7771.909999999998,1.616790097774079
SBBR,ARR,2019-06,4426,5904.250000000002,1.3339923181201991
SBBR,ARR,2019-07,2671,3588.6000000000004,1.3435417446649196
SBBR,ARR,2019-08,4775,14610.389999999996,3.059767539267015
SBBR,ARR,2019-09,4848,7127.430000000001,1.4701794554455447
SBBR,ARR,2019-10,5116,18600.690000000002,3.6357877247849886
SBBR,ARR,2019-11,5125,10064.42,1.963789268292683
SBBR,ARR,2019-12,5192,17237.420000000002,3.319996147919877
SBBR,ARR,2020-01,5314,25674.789999999997,4.831537448249906
SBBR,ARR,2020-02,4669,8887.86,1.9035896337545515
SBBR,ARR,2020-03,3676,7304.700000000001,1.9871327529923832
SBBR,ARR,2020-04,512,570.48,1.11421875
SBBR,ARR,2020-05,290,487.7999999999999,1.682068965517241
SBBR,ARR,2020-06,486,449.45000000000005,0.9247942386831277
SBBR,ARR,2020-07,1099,1162.01,1.057333939945405
SBBR,ARR,2020-08,1622,2030.99,1.2521516646115907
SBBR,ARR,2020-09,2451,3748.4500000000003,1.5293553651570788
SBBR,ARR,2020-10,3103,5204.260000000001,1.6771704801804708
SBBR,ARR,2020-11,3103,5705.929999999999,1.8388430551079598
SBBR,ARR,2020-12,3719,6824.6900000000005,1.835087389083087
SBBR,ARR,2021-01,3666,6287.96,1.7152100381887616
SBBR,ARR,2021-02,2796,5011.27,1.7922997138769672
SBBR,ARR,2021-03,2399,3286.96,1.370137557315548
SBBR,ARR,2021-04,1679,2074.0899999999997,1.235312686122692
SBBR,ARR,2021-05,2318,2922.1199999999994,1.2606212251941327
SBBR,ARR,2021-06,2666,3730.3099999999995,1.3992160540135032
SBBR,ARR,2021-07,3481,4894.280000000001,1.4059982763573688
SBBR,ARR,2021-08,3522,5520.3899999999985,1.567402044293015
SBBR,ARR,2021-09,3912,6380.98,1.6311298568507155
SBBR,ARR,2021-10,4031,7712.04,1.9131828330439098
SBBR,ARR,2021-11,4181,7594.730000000001,1.816486486486487
SBBR,ARR,2021-12,4680,8984.09,1.9196773504273505
SBBR,ARR,2022-01,4528,7711.010000000001,1.7029615724381628
SBBR,ARR,2022-02,3520,6385.1500000000005,1.8139630681818184
SBBR,ARR,2022-03,3859,6289.120000000002,1.6297279087846597
SBBR,ARR,2022-04,3607,5857.32,1.6238757970612696
SBBR,ARR,2022-05,3921,6512.79,1.6610022953328232
SBBR,ARR,2022-06,3711,5804.209999999998,1.5640555106440308
SBBR,ARR,2022-07,4476,8651.630000000001,1.9328932082216266
SBBR,ARR,2022-08,4422,7824.680000000001,1.769488919041158
SBBR,ARR,2022-09,4303,7770.360000000002,1.8058006042296078
SBBR,ARR,2022-10,4453,8143.57,1.8287828430271726
SBBR,ARR,2022-11,4604,10130.210000000001,2.200306255430061
SBBR,ARR,2022-12,4798,11061.680000000002,2.3054772822009175
SBCF,ARR,2019-01,4248,6619.44,1.5582485875706213
SBCF,ARR,2019-02,3806,7178.990000000002,1.886229637414609
SBCF,ARR,2019-03,3997,7217.3499999999995,1.8056917688266199
SBCF,ARR,2019-04,3875,6314.029999999999,1.6294270967741933
SBCF,ARR,2019-05,4002,5776.6500000000005,1.4434407796101951
SBCF,ARR,2019-06,3961,5781.43,1.4595884877556173
SBCF,ARR,2019-07,2314,3225.1400000000003,1.393751080380294
SBCF,ARR,2019-08,4228,10546.799999999997,2.4945127719962152
SBCF,ARR,2019-09,4076,6522.94,1.6003287536800783
SBCF,ARR,2019-10,4236,8580.350000000002,2.0255783758262518
SBCF,ARR,2019-11,3975,5360.2300000000005,1.348485534591195
SBCF,ARR,2019-12,4104,7905.299999999999,1.9262426900584793
SBCF,ARR,2020-01,4272,12224.78,2.8616058052434457
SBCF,ARR,2020-02,3766,5094.46,1.3527509293680298
SBCF,ARR,2020-03,2816,3863.5,1.3719815340909092
SBCF,ARR,2020-04,496,760.1999999999999,1.5326612903225805
SBCF,ARR,2020-05,290,430.80000000000007,1.4855172413793105
SBCF,ARR,2020-06,334,310.77000000000004,0.9304491017964073
SBCF,ARR,2020-07,472,478.0099999999998,1.0127330508474572
SBCF,ARR,2020-08,746,758.0600000000001,1.0161662198391421
SBCF,ARR,2020-09,1147,1245.9600000000003,1.0862772449869227
SBCF,ARR,2020-10,1814,2212.9000000000005,1.219900771775083
SBCF,ARR,2020-11,2249,2882.8399999999997,1.2818319253001333
SBCF,ARR,2020-12,2743,3510.7,1.2798760481224936
SBCF,ARR,2021-01,3018,4506.410000000001,1.493177601060305
SBCF,ARR,2021-02,2149,3177.8800000000006,1.4787715216379713
SBCF,ARR,2021-03,2161,2784.67,1.2886024988431282
SBCF,ARR,2021-04,1681,1764.5700000000002,1.0497144556811422
SBCF,ARR,2021-05,1919,2013.5700000000002,1.0492808754559668
SBCF,ARR,2021-06,2113,2351.57,1.1129058211074303
SBCF,ARR,2021-07,2761,3374.1300000000006,1.2220680912712787
SBCF,ARR,2021-08,2760,3030.749999999999,1.0980978260869563
SBCF,ARR,2021-09,2998,3576.36,1.192915276851234
SBCF,ARR,2021-10,3067,7127.98,2.3240886860123897
SBCF,ARR,2021-11,3097,5197.259999999999,1.6781595092024537
SBCF,ARR,2021-12,3588,5483.450000000001,1.52827480490524
SBCF,ARR,2022-01,3385,3814.7999999999993,1.1269719350073852
SBCF,ARR,2022-02,2799,4163.130000000001,1.4873633440514473
SBCF,ARR,2022-03,3210,4110.48,1.2805233644859813
SBCF,ARR,2022-04,3426,4436.31,1.2948949211908933
SBCF,ARR,2022-05,3728,4650.309999999999,1.247400751072961
SBCF,ARR,2022-06,3605,4489.33,1.2453065187239944
SBCF,ARR,2022-07,4131,5334.4800000000005,1.2913289760348585
SBCF,ARR,2022-08,3907,5877.42,1.5043306885078065
SBCF,ARR,2022-09,3863,5870.66,1.5197152472171886
SBCF,ARR,2022-10,4067,6287.7699999999995,1.5460462257192031
SBCF,ARR,2022-11,3846,6354.79,1.6523114924596984
SBCF,ARR,2022-12,4089,7092.460000000001,1.7345218879921744
SBCT,ARR,2019-01,2445,4461.29,1.8246584867075664
SBCT,ARR,2019-02,2390,4475.97,1.8727907949790796
SBCT,ARR,2019-03,2491,4722.39,1.8957808109193097
SBCT,ARR,2019-04,2396,3361.249999999999,1.4028589315525872
SBCT,ARR,2019-05,2392,3365.11,1.4068185618729097
SBCT,ARR,2019-06,2306,3048.1099999999997,1.3218169991326971
SBCT,ARR,2019-07,1320,1854.52,1.404939393939394
SBCT,ARR,2019-08,2575,6630.19,2.574831067961165
SBCT,ARR,2019-09,2589,4584.03,1.770579374275782
SBCT,ARR,2019-10,2668,7124.379999999998,2.670307346326836
SBCT,ARR,2019-11,2605,3475.309999999999,1.3340921305182338
SBCT,ARR,2019-12,2673,6064.520000000001,2.2688065843621406
SBCT,ARR,2020-01,2582,8946.77,3.465054221533695
SBCT,ARR,2020-02,2278,3040.580000000001,1.3347585601404746
SBCT,ARR,2020-03,1703,2171.42,1.2750557839107457
SBCT,ARR,2020-04,268,391.93999999999994,1.462462686567164
SBCT,ARR,2020-05,144,128.9,0.8951388888888889
SBCT,ARR,2020-06,218,284.99,1.3072935779816515
SBCT,ARR,2020-07,251,688.44,2.742788844621514
SBCT,ARR,2020-08,344,503.03000000000003,1.462296511627907
SBCT,ARR,2020-09,506,675.3099999999998,1.3346047430830037
SBCT,ARR,2020-10,904,872.1199999999999,0.9647345132743361
SBCT,ARR,2020-11,1098,1216.7800000000002,1.1081785063752279
SBCT,ARR,2020-12,1202,1319.5600000000006,1.0978036605657244
SBCT,ARR,2021-01,1193,1489.98,1.2489354568315172
SBCT,ARR,2021-02,962,952.5399999999997,0.9901663201663199
SBCT,ARR,2021-03,754,842.8599999999999,1.1178514588859416
SBCT,ARR,2021-04,519,496.09,0.9558574181117533
SBCT,ARR,2021-05,708,775.5500000000001,1.095409604519774
SBCT,ARR,2021-06,903,1073.6799999999998,1.1890143964562567
SBCT,ARR,2021-07,1100,1293.7900000000002,1.1761727272727274
SBCT,ARR,2021-08,1219,1284.5399999999997,1.053765381460213
SBCT,ARR,2021-09,1487,2184.72,1.469213180901143
SBCT,ARR,2021-10,1508,2122.23,1.407314323607427
SBCT,ARR,2021-11,1688,1740.18,1.0309123222748815
SBCT,ARR,2021-12,1807,2008.6100000000008,1.111571665744328
SBCT,ARR,2022-01,1548,1781.7300000000002,1.1509883720930234
SBCT,ARR,2022-02,1393,1515.6100000000001,1.088018664752333
SBCT,ARR,2022-03,1785,2152.8300000000004,1.2060672268907566
SBCT,ARR,2022-04,1970,2200.3100000000004,1.1169086294416246
SBCT,ARR,2022-05,2248,2899.4900000000002,1.2898087188612102
SBCT,ARR,2022-06,2073,2410.1899999999996,1.162657983598649
SBCT,ARR,2022-07,2237,2600.8799999999997,1.1626642825212337
SBCT,ARR,2022-08,2219,2714.74,1.2234069400630914
SBCT,ARR,2022-09,2132,2441.1699999999996,1.145014071294559
SBCT,ARR,2022-10,2219,2739.54,1.2345831455610636
SBCT,ARR,2022-11,2203,2182.67,0.9907716749886518
SBCT,ARR,2022-12,2167,2564.5499999999997,1.1834563913244116
SBGL,ARR,2019-01,4440,16164.889999999996,3.6407409909909902
SBGL,ARR,2019-02,3490,14496.850000000002,4.153825214899714
SBGL,ARR,2019-03,3676,17592.079999999998,4.785658324265506
SBGL,ARR,2019-04,3001,9810.52,3.269083638787071
SBGL,ARR,2019-05,3023,8269.169999999998,2.7354184584849484
SBGL,ARR,2019-06,2906,8288.330000000002,2.8521438403303514
SBGL,ARR,2019-07,1904,5689.100000000001,2.987972689075631
SBGL,ARR,2019-08,4250,19418.379999999994,4.569030588235293
SBGL,ARR,2019-09,5704,14808.009999999997,2.596074684431977
SBGL,ARR,2019-10,3545,17891.230000000003,5.046891396332864
SBGL,ARR,2019-11,3507,12061.720000000001,3.439327060165384
SBGL,ARR,2019-12,3966,13563.780000000002,3.4200151285930414
SBGL,ARR,2020-01,3485,16606.200000000004,4.765050215208036
SBGL,ARR,2020-02,3109,8792.84,2.828189128337086
SBGL,ARR,2020-03,2066,4751.24,2.29972894482091
SBGL,ARR,2020-04,247,302.15,1.2232793522267205
SBGL,ARR,2020-05,159,191.42,1.2038993710691823
SBGL,ARR,2020-06,280,363.82000000000005,1.299357142857143
SBGL,ARR,2020-07,472,583.54,1.2363135593220338
SBGL,ARR,2020-08,709,942.25,1.3289844851904091
SBGL,ARR,2020-09,753,1025.2099999999998,1.361500664010624
SBGL,ARR,2020-10,1039,1824.22,1.7557459095283927
SBGL,ARR,2020-11,876,1431.4400000000003,1.6340639269406396
SBGL,ARR,2020-12,1135,1990.2600000000002,1.7535330396475772
SBGL,ARR,2021-01,1150,1859.4400000000003,1.6169043478260872
SBGL,ARR,2021-02,744,1117.1999999999998,1.5016129032258063
SBGL,ARR,2021-03,533,731.4500000000002,1.3723264540337714
SBGL,ARR,2021-04,400,821.2,2.053
SBGL,ARR,2021-05,614,994.5500000000002,1.6197882736156355
SBGL,ARR,2021-06,685,1161.58,1.6957372262773722
SBGL,ARR,2021-07,1208,2079.8100000000004,1.72169701986755
SBGL,ARR,2021-08,1173,1805.1000000000001,1.5388746803069056
SBGL,ARR,2021-09,1429,2275.2799999999997,1.59221833449965
SBGL,ARR,2021-10,1335,2145.3299999999995,1.6069887640449434
SBGL,ARR,2021-11,1357,2190.3999999999996,1.6141488577745022
SBGL,ARR,2021-12,1709,2838.57,1.6609537741369222
SBGL,ARR,2022-01,1786,2919.18,1.6344792833146695
SBGL,ARR,2022-02,1439,2696.03,1.873544127866574
SBGL,ARR,2022-03,1476,2958.91,2.004681571815718
SBGL,ARR,2022-04,1008,2172.1600000000003,2.1549206349206353
SBGL,ARR,2022-05,1009,2919.0899999999997,2.8930525272547074
SBGL,ARR,2022-06,982,1974.58,2.010773930753564
SBGL,ARR,2022-07,1148,2330.26,2.029843205574913
SBGL,ARR,2022-08,1130,2725.3100000000004,2.411778761061947
SBGL,ARR,2022-09,1210,2667.35,2.2044214876033057
SBGL,ARR,2022-10,1248,2631.61,2.108661858974359
SBGL,ARR,2022-11,1292,2770.729999999999,2.144527863777089
SBGL,ARR,2022-12,1569,3608.19,2.2996749521988527
SBGR,ARR,2019-01,11953,49746.89000000001,4.161874843135615
SBGR,ARR,2019-02,10440,47522.960000000014,4.55200766283525
SBGR,ARR,2019-03,11106,50452.899999999994,4.54285071132721
SBGR,ARR,2019-04,10350,36959.14000000001,3.570931400966184
SBGR,ARR,2019-05,9489,29748.569999999992,3.1350584887764774
SBGR,ARR,2019-06,9571,28969.049999999996,3.0267526904189737
SBGR,ARR,2019-07,5769,16446.2,2.8507886982145956
SBGR,ARR,2019-08,11052,42733.920000000006,3.866623235613464
SBGR,ARR,2019-09,10967,31419.690000000002,2.8649302452812986
SBGR,ARR,2019-10,11057,46082.29000000001,4.167702812697839
SBGR,ARR,2019-11,10845,32959.18,3.0391129552789304
SBGR,ARR,2019-12,12244,57915.11000000001,4.730080855929436
SBGR,ARR,2020-01,11242,71528.94,6.362652552926526
SBGR,ARR,2020-02,9900,27467.59,2.7745040404040404
SBGR,ARR,2020-03,7864,19512.649999999998,2.481262716174974
SBGR,ARR,2020-04,2464,3791.0900000000015,1.5385917207792215
SBGR,ARR,2020-05,1512,2397.27,1.5854960317460318
SBGR,ARR,2020-06,1847,2718.4900000000002,1.4718408229561453
SBGR,ARR,2020-07,2860,3765.6,1.3166433566433566
SBGR,ARR,2020-08,3865,4930.17,1.2755937904269081
SBGR,ARR,2020-09,4793,6689.370000000003,1.395654078865012
SBGR,ARR,2020-10,5879,8460.519999999999,1.4391086919544138
SBGR,ARR,2020-11,6262,10572.300000000001,1.6883264132864901
SBGR,ARR,2020-12,7391,16577.329999999998,2.242907590312542
SBGR,ARR,2021-01,7414,14997.899999999996,2.022916104666846
SBGR,ARR,2021-02,5783,9400.82,1.6255957115683901
SBGR,ARR,2021-03,4948,7484.819999999998,1.5126960388035566
SBGR,ARR,2021-04,3905,5464.370000000001,1.3993265044814343
SBGR,ARR,2021-05,5005,7769.36,1.5523196803196802
SBGR,ARR,2021-06,5684,9338.99,1.6430313159746657
SBGR,ARR,2021-07,7286,12209.829999999996,1.6757933022234417
SBGR,ARR,2021-08,6780,11268.399999999996,1.6620058997050142
SBGR,ARR,2021-09,7129,12585.04,1.765330340861271
SBGR,ARR,2021-10,7362,13949.59,1.894809834284162
SBGR,ARR,2021-11,7953,15889.859999999997,1.9979705771407013
SBGR,ARR,2021-12,8709,20016,2.2983120909404064
SBGR,ARR,2022-01,8227,18593.06,2.260004862039626
SBGR,ARR,2022-02,7019,14727.49,2.0982319418720614
SBGR,ARR,2022-03,7638,17652.829999999998,2.3111848651479443
SBGR,ARR,2022-04,7212,14997.859999999999,2.0795701608430393
SBGR,ARR,2022-05,7663,15615.289999999999,2.037751533342033
SBGR,ARR,2022-06,7528,16336.18,2.1700557917109458
SBGR,ARR,2022-07,8999,20857.43,2.317749749972219
SBGR,ARR,2022-08,9057,21151.219999999998,2.335345036987965
SBGR,ARR,2022-09,8647,21743.910000000007,2.5146189429860075
SBGR,ARR,2022-10,8913,23141.010000000002,2.5963211040053857
SBGR,ARR,2022-11,8719,25652.64999999999,2.942155063654088
SBGR,ARR,2022-12,9571,28393.080000000005,2.966574025702644
SBKP,ARR,2019-01,4731,11605.789999999999,2.4531367575565417
SBKP,ARR,2019-02,4394,11065.55,2.518331816112881
SBKP,ARR,2019-03,4605,11735.559999999998,2.54843865363735
SBKP,ARR,2019-04,4576,11093.529999999999,2.424285402097902
SBKP,ARR,2019-05,4680,11907.86,2.54441452991453
SBKP,ARR,2019-06,4511,11993.690000000002,2.658765240523166
SBKP,ARR,2019-07,2486,7346.01,2.954951729686243
SBKP,ARR,2019-08,4768,11966.949999999999,2.509846895973154
SBKP,ARR,2019-09,4532,11180.279999999997,2.466963812886142
SBKP,ARR,2019-10,4673,10265.580000000002,2.1967857907126045
SBKP,ARR,2019-11,4314,9790.72,2.269522484932777
SBKP,ARR,2019-12,4221,9522.3,2.2559346126510302
SBKP,ARR,2020-01,4158,10399.630000000001,2.5011135161135165
SBKP,ARR,2020-02,3818,9502.45,2.4888554216867473
SBKP,ARR,2020-03,2817,7058.409999999999,2.5056478523251684
SBKP,ARR,2020-04,1303,2623.1499999999996,2.013161933998465
SBKP,ARR,2020-05,815,1437.4099999999994,1.7636932515337416
SBKP,ARR,2020-06,595,908.56,1.5269915966386554
SBKP,ARR,2020-07,778,829.2500000000001,1.0658740359897174
SBKP,ARR,2020-08,948,1789.1199999999997,1.8872573839662443
SBKP,ARR,2020-09,1995,4986.98,2.499739348370927
SBKP,ARR,2020-10,3289,8410.79,2.557248403770143
SBKP,ARR,2020-11,3754,9129.669999999998,2.431984549813532
SBKP,ARR,2020-12,3972,10002.92,2.5183585095669687
SBKP,ARR,2021-01,4051,9847.370000000003,2.4308491730436934
SBKP,ARR,2021-02,3443,7711.200000000003,2.2396747022945114
SBKP,ARR,2021-03,3688,8636.8,2.341865509761388
SBKP,ARR,2021-04,3054,5533.740000000001,1.81196463654224
SBKP,ARR,2021-05,3571,7079.049999999999,1.9823718846261549
SBKP,ARR,2021-06,3774,6959.9000000000005,1.844170641229465
SBKP,ARR,2021-07,4173,7058.090000000002,1.691370716510904
SBKP,ARR,2021-08,4600,9412.349999999999,2.0461630434782605
SBKP,ARR,2021-09,4347,9317.899999999998,2.1435242696112256
SBKP,ARR,2021-10,4561,9957.359999999999,2.1831528173646126
SBKP,ARR,2021-11,4516,9642.23,2.1351262178919397
SBKP,ARR,2021-12,4614,10741.06,2.3279280450801907
SBKP,ARR,2022-01,3816,8448.92,2.214077568134172
SBKP,ARR,2022-02,4127,8840.720000000001,2.142166222437606
SBKP,ARR,2022-03,4738,10512.94,2.218856057408189
SBKP,ARR,2022-04,4975,11809.44,2.373756783919598
SBKP,ARR,2022-05,5473,13881.759999999998,2.536407820208295
SBKP,ARR,2022-06,4821,11635.400000000001,2.413482679941921
SBKP,ARR,2022-07,5228,11236.989999999998,2.1493859984697776
SBKP,ARR,2022-08,5498,12406.4,2.2565296471444163
SBKP,ARR,2022-09,5438,12846.220000000001,2.3623059948510483
SBKP,ARR,2022-10,5696,13501.48,2.3703441011235955
SBKP,ARR,2022-11,5432,13214.519999999999,2.4327172312223855
SBKP,ARR,2022-12,5610,15668.249999999996,2.792914438502673
SBPA,ARR,2019-01,2806,6207.0999999999995,2.2120812544547395
SBPA,ARR,2019-02,2626,6492.44,2.472368621477532
SBPA,ARR,2019-03,2645,5692.6,2.1522117202268434
SBPA,ARR,2019-04,2594,6270.270000000001,2.417220508866616
SBPA,ARR,2019-05,2581,6544.299999999999,2.5355676094537
SBPA,ARR,2019-06,2514,5245.980000000001,2.086706443914082
SBPA,ARR,2019-07,1478,2989.05,2.022361299052774
SBPA,ARR,2019-08,2886,9295.970000000003,3.2210568260568273
SBPA,ARR,2019-09,2768,5749.409999999999,2.077098988439306
SBPA,ARR,2019-10,2892,8665.92,2.9965145228215766
SBPA,ARR,2019-11,2764,4403.6,1.5931982633863966
SBPA,ARR,2019-12,3020,7467.279999999999,2.4726092715231784
SBPA,ARR,2020-01,2935,10962.180000000002,3.7349846678023857
SBPA,ARR,2020-02,2581,3396.019999999999,1.3157768306857804
SBPA,ARR,2020-03,1914,2651.980000000001,1.3855694879832816
SBPA,ARR,2020-04,302,470.65999999999997,1.5584768211920528
SBPA,ARR,2020-05,157,189.22000000000003,1.205222929936306
SBPA,ARR,2020-06,226,325.2299999999999,1.4390707964601765
SBPA,ARR,2020-07,357,391.14000000000016,1.0956302521008408
SBPA,ARR,2020-08,398,468.5799999999999,1.1773366834170853
SBPA,ARR,2020-09,640,701.7199999999999,1.0964375
SBPA,ARR,2020-10,1075,1269.1599999999999,1.180613953488372
SBPA,ARR,2020-11,1402,1668.2,1.1898716119828816
SBPA,ARR,2020-12,1703,2280.689999999999,1.339219025249559
SBPA,ARR,2021-01,1781,2275.66,1.2777428411005052
SBPA,ARR,2021-02,1316,1360.08,1.0334954407294832
SBPA,ARR,2021-03,1035,1185.7700000000002,1.1456714975845412
SBPA,ARR,2021-04,687,882.93,1.2851965065502182
SBPA,ARR,2021-05,930,1138.5800000000002,1.2242795698924733
SBPA,ARR,2021-06,1265,1803.67,1.4258260869565218
SBPA,ARR,2021-07,1662,2406.2999999999997,1.4478339350180505
SBPA,ARR,2021-08,1822,2382.4100000000003,1.3075795828759607
SBPA,ARR,2021-09,1798,2366.4800000000005,1.316173526140156
SBPA,ARR,2021-10,1826,2026.23,1.1096549835706462
SBPA,ARR,2021-11,2214,2872.38,1.2973712737127372
SBPA,ARR,2021-12,2423,2954.7,1.2194387123400743
SBPA,ARR,2022-01,2229,2913.9700000000003,1.3072992373261554
SBPA,ARR,2022-02,1798,2050.6,1.1404894327030033
SBPA,ARR,2022-03,2090,2520.9599999999996,1.206200956937799
SBPA,ARR,2022-04,2206,2790.8699999999994,1.2651269265639162
SBPA,ARR,2022-05,2466,3623.1,1.4692214111922142
SBPA,ARR,2022-06,2300,3323.94,1.4451913043478262
SBPA,ARR,2022-07,2514,3603.9,1.4335322195704057
SBPA,ARR,2022-08,2315,2955.059999999999,1.276483801295896
SBPA,ARR,2022-09,2212,2798.2799999999997,1.2650452079566001
SBPA,ARR,2022-10,2325,3066.35,1.3188602150537634
SBPA,ARR,2022-11,2421,3062.5200000000004,1.2649814126394054
SBPA,ARR,2022-12,2516,3450.44,1.3713990461049286
SBRJ,ARR,2019-01,3715,6894.730000000001,1.8559165545087486
SBRJ,ARR,2019-02,3362,6473.270000000001,1.9254223676383109
SBRJ,ARR,2019-03,3562,6829.049999999999,1.9171953958450307
SBRJ,ARR,2019-04,3605,7049.1,1.955367545076283
SBRJ,ARR,2019-05,3655,6182.329999999999,1.6914719562243499
SBRJ,ARR,2019-06,3289,3945.5700000000006,1.1996260261477654
SBRJ,ARR,2019-07,1851,2127.2,1.149216639654241
SBRJ,ARR,2019-08,2851,9709.220000000001,3.4055489301999304
SBRJ,ARR,2019-09,1574,1916.18,1.2173951715374842
SBRJ,ARR,2019-10,4117,11782.88,2.8620063152781148
SBRJ,ARR,2019-11,4060,5635.93,1.3881600985221676
SBRJ,ARR,2019-12,4388,11590.990000000002,2.641520054694622
SBRJ,ARR,2020-01,4567,18856.379999999997,4.12883293190278
SBRJ,ARR,2020-02,4047,5911.399999999999,1.460686928589078
SBRJ,ARR,2020-03,2898,3631.620000000001,1.2531469979296068
SBRJ,ARR,2020-04,378,248.54,0.6575132275132275
SBRJ,ARR,2020-05,236,120.29,0.5097033898305084
SBRJ,ARR,2020-06,370,237.66,0.6423243243243243
SBRJ,ARR,2020-07,613,486.2500000000001,0.7932300163132139
SBRJ,ARR,2020-08,831,767.41,0.9234777376654633
SBRJ,ARR,2020-09,1439,1698.4400000000003,1.180291869353718
SBRJ,ARR,2020-10,2042,2339.4599999999996,1.1456709108716943
SBRJ,ARR,2020-11,2332,3011.4799999999996,1.2913722126929672
SBRJ,ARR,2020-12,2839,3844.500000000001,1.3541740049313142
SBRJ,ARR,2021-01,2809,3698.400000000001,1.3166251334994663
SBRJ,ARR,2021-02,2154,2804.1999999999994,1.3018570102135558
SBRJ,ARR,2021-03,1837,1864.4399999999996,1.0149373979314096
SBRJ,ARR,2021-04,1320,1262.29,0.956280303030303
SBRJ,ARR,2021-05,1757,1759.2,1.0012521343198635
SBRJ,ARR,2021-06,2036,2037.9899999999996,1.000977406679764
SBRJ,ARR,2021-07,2591,2982.3100000000004,1.151026630644539
SBRJ,ARR,2021-08,2649,3253.6900000000005,1.2282710456776145
SBRJ,ARR,2021-09,2847,3412.3400000000006,1.1985739374780473
SBRJ,ARR,2021-10,2881,3717.2000000000003,1.290246442207567
SBRJ,ARR,2021-11,3141,4493.820000000001,1.430697230181471
SBRJ,ARR,2021-12,3452,5077.589999999998,1.4709125144843564
SBRJ,ARR,2022-01,3065,4321.5999999999985,1.4099836867862965
SBRJ,ARR,2022-02,2761,3762.0199999999995,1.3625570445490762
SBRJ,ARR,2022-03,3352,4627.9800000000005,1.3806622911694513
SBRJ,ARR,2022-04,3868,6590.670000000001,1.7038960703205794
SBRJ,ARR,2022-05,4251,6851.17,1.611660785697483
SBRJ,ARR,2022-06,3923,6089.75,1.5523196533265358
SBRJ,ARR,2022-07,4326,6440.4,1.48876560332871
SBRJ,ARR,2022-08,4368,6928.29,1.586146978021978
SBRJ,ARR,2022-09,4272,6565.94,1.5369709737827715
SBRJ,ARR,2022-10,4508,7007.630000000002,1.554487577639752
SBRJ,ARR,2022-11,4604,9543.55,2.072882276281494
SBRJ,ARR,2022-12,4712,9735.830000000002,2.0661778438030565
SBSP,ARR,2019-01,7756,18594.589999999997,2.3974458483754506
SBSP,ARR,2019-02,6901,19160.48,2.776478771192581
SBSP,ARR,2019-03,7302,17366.89,2.37837441796768
SBSP,ARR,2019-04,7151,14325.159999999998,2.0032387078730243
SBSP,ARR,2019-05,7181,11754.640000000003,1.6369085085642672
SBSP,ARR,2019-06,6552,8946.68,1.3654884004884005
SBSP,ARR,2019-07,3686,4527.2300000000005,1.2282230059685297
SBSP,ARR,2019-08,7091,21077.469999999998,2.9724256099280777
SBSP,ARR,2019-09,7326,9426.19,1.2866762216762218
SBSP,ARR,2019-10,7565,24966.76,3.3002987442167875
SBSP,ARR,2019-11,7440,13246.789999999999,1.7804825268817204
SBSP,ARR,2019-12,7658,22898.059999999994,2.990083572734395
SBSP,ARR,2020-01,7819,37724.579999999994,4.824732062923647
SBSP,ARR,2020-02,7045,11313.35,1.6058694109297376
SBSP,ARR,2020-03,5029,7136.15,1.4189998011533107
SBSP,ARR,2020-04,112,44.80000000000001,0.4000000000000001
SBSP,ARR,2020-05,31,15.219999999999999,0.4909677419354838
SBSP,ARR,2020-06,344,223.11000000000004,0.648575581395349
SBSP,ARR,2020-07,619,341.64,0.5519224555735056
SBSP,ARR,2020-08,514,2200.5499999999997,4.281225680933852
SBSP,ARR,2020-09,886,792.1300000000001,0.8940519187358917
SBSP,ARR,2020-10,1924,1666.96,0.8664033264033264
SBSP,ARR,2020-11,2449,2250.8,0.9190690077582687
SBSP,ARR,2020-12,2989,3439.9100000000003,1.150856473737036
SBSP,ARR,2021-01,3442,3670.06,1.0662579895409645
SBSP,ARR,2021-02,2607,2199.42,0.8436593785960875
SBSP,ARR,2021-03,2124,1610.22,0.7581073446327684
SBSP,ARR,2021-04,1157,695.5999999999999,0.601210025929127
SBSP,ARR,2021-05,1728,995.1099999999999,0.5758738425925926
SBSP,ARR,2021-06,2136,1556.6800000000003,0.7287827715355807
SBSP,ARR,2021-07,3361,2919.8100000000013,0.8687325200833089
SBSP,ARR,2021-08,3221,2640.2799999999993,0.8197081651660972
SBSP,ARR,2021-09,3747,3559.1299999999997,0.9498612223111822
SBSP,ARR,2021-10,4068,4320.25,1.0620083579154376
SBSP,ARR,2021-11,4411,4243.76,0.9620856948537747
SBSP,ARR,2021-12,5225,5731.830000000001,1.0970009569377992
SBSP,ARR,2022-01,5264,7614.479999999997,1.4465197568389052
SBSP,ARR,2022-02,4108,4393.07,1.0693938656280428
SBSP,ARR,2022-03,4581,5346.189999999999,1.1670355817507092
SBSP,ARR,2022-04,5608,6240.719999999999,1.1128245363766047
SBSP,ARR,2022-05,6412,7210.0700000000015,1.1244650655021837
SBSP,ARR,2022-06,5995,7276.2699999999995,1.2137231025854878
SBSP,ARR,2022-07,6627,7450.069999999999,1.1241994869473364
SBSP,ARR,2022-08,6428,7560.170000000004,1.1761309894212826
SBSP,ARR,2022-09,6168,7815.379999999999,1.2670849546044096
SBSP,ARR,2022-10,6613,7681.920000000001,1.161639195523968
SBSP,ARR,2022-11,7201,12751.48,1.7707929454242466
SBSP,ARR,2022-12,7542,13306.06,1.7642614691063379
SBSV,ARR,2019-01,2899,9269.499999999998,3.1974818903070017
SBSV,ARR,2019-02,2270,9271.589999999998,4.084400881057268
SBSV,ARR,2019-03,2454,11147.009999999998,4.542383863080684
SBSV,ARR,2019-04,1946,7751.84,3.9834737923946557
SBSV,ARR,2019-05,1725,4551.78,2.6387130434782606
SBSV,ARR,2019-06,1804,4430.31,2.455825942350333
SBSV,ARR,2019-07,1270,2683.2,2.112755905511811
SBSV,ARR,2019-08,2178,7357.63,3.3781588613406797
SBSV,ARR,2019-09,2124,4544.65,2.139665725047081
SBSV,ARR,2019-10,2265,6588.770000000001,2.908949227373069
SBSV,ARR,2019-11,2405,3897.4799999999996,1.6205738045738043
SBSV,ARR,2019-12,2685,6360.72,2.368983240223464
SBSV,ARR,2020-01,2737,9270.060000000001,3.386941907197662
SBSV,ARR,2020-02,2441,4601.57,1.8851167554281032
SBSV,ARR,2020-03,1770,3992.03,2.2553841807909607
SBSV,ARR,2020-04,324,599.8800000000001,1.8514814814814817
SBSV,ARR,2020-05,208,475.59999999999997,2.2865384615384614
SBSV,ARR,2020-06,230,376.30000000000007,1.6360869565217395
SBSV,ARR,2020-07,404,499.11000000000007,1.2354207920792082
SBSV,ARR,2020-08,525,552.7900000000001,1.0529333333333335
SBSV,ARR,2020-09,835,1065.7,1.2762874251497007
SBSV,ARR,2020-10,1363,2301.77,1.6887527512839324
SBSV,ARR,2020-11,1478,4323.039999999999,2.9249255751014878
SBSV,ARR,2020-12,2022,3287.23,1.6257319485657764
SBSV,ARR,2021-01,2396,3465.5499999999997,1.4463898163606008
SBSV,ARR,2021-02,1657,2242.29,1.3532226916113457
SBSV,ARR,2021-03,1456,2434.7499999999995,1.6722184065934063
SBSV,ARR,2021-04,861,3955.8,4.594425087108014
SBSV,ARR,2021-05,1080,2545.199999999999,2.3566666666666656
SBSV,ARR,2021-06,1424,2025.7300000000002,1.4225632022471912
SBSV,ARR,2021-07,1945,2933.95,1.5084575835475578
SBSV,ARR,2021-08,1715,2302.49,1.3425597667638483
SBSV,ARR,2021-09,1949,2947.4900000000002,1.5123088763468446
SBSV,ARR,2021-10,2021,3092.7900000000004,1.5303265710044534
SBSV,ARR,2021-11,2129,3473.4300000000003,1.631484264913105
SBSV,ARR,2021-12,2602,4115.539999999999,1.5816833205226746
SBSV,ARR,2022-01,2595,4023.9700000000007,1.5506628131021198
SBSV,ARR,2022-02,2065,2714.6400000000003,1.3145956416464892
SBSV,ARR,2022-03,2313,3503.080000000001,1.5145179420665806
SBSV,ARR,2022-04,2154,3320.9299999999994,1.5417502321262764
SBSV,ARR,2022-05,2074,3203.6200000000003,1.5446576663452267
SBSV,ARR,2022-06,1984,3360.73,1.6939163306451612
SBSV,ARR,2022-07,2088,3342.4300000000003,1.6007806513409963
SBSV,ARR,2022-08,2072,2855.3500000000004,1.378064671814672
SBSV,ARR,2022-09,1947,2450.9199999999996,1.2588186954288647
SBSV,ARR,2022-10,1950,2451.59,1.257225641025641
SBSV,ARR,2022-11,2102,2941.97,1.399605137963844
SBSV,ARR,2022-12,2440,3616.7299999999996,1.4822663934426228
SBBR,DEP,2019-01,10578,38593.78999999999,3.648495934959349
SBBR,DEP,2019-02,9316,36552.65,3.9236421210820094
SBBR,DEP,2019-03,5094,21189.38000000001,4.159674126423245
SBBR,DEP,2019-04,4742,19827.87,4.181330662167862
SBBR,DEP,2019-05,4762,17085.100000000002,3.58779924401512
SBBR,DEP,2019-06,4405,14250.600000000002,3.2350964812712832
SBBR,DEP,2019-07,5206,17117.01,3.287938916634652
SBBR,DEP,2019-08,4730,21710.57,4.589972515856236
SBBR,DEP,2019-09,4824,18517.769999999997,3.8386753731343277
SBBR,DEP,2019-10,5071,25421.379999999997,5.013090120291855
SBBR,DEP,2019-11,5040,22393.82,4.443218253968254
SBBR,DEP,2019-12,5082,22571.09,4.44137937819756
SBBR,DEP,2020-01,5264,31493.40000000001,5.982788753799394
SBBR,DEP,2020-02,4601,18573.100000000006,4.036752879808739
SBBR,DEP,2020-03,3630,14547.800000000001,4.007658402203857
SBBR,DEP,2020-04,240,463.60000000000014,1.9316666666666673
SBBR,DEP,2020-05,293,666.7599999999999,2.2756313993174055
SBBR,DEP,2020-06,480,845.1099999999998,1.7606458333333328
SBBR,DEP,2020-07,1093,3421.4500000000007,3.1303293687099734
SBBR,DEP,2020-08,1618,6297.16,3.8919406674907293
SBBR,DEP,2020-09,2421,12422.37,5.131090458488228
SBBR,DEP,2020-10,3094,16641.370000000003,5.378594053005819
SBBR,DEP,2020-11,3051,13643.570000000002,4.471835463782367
SBBR,DEP,2020-12,3645,16090.680000000002,4.41445267489712
SBBR,DEP,2021-01,3604,14487.110000000004,4.019730854605995
SBBR,DEP,2021-02,2710,8463.97,3.123236162361623
SBBR,DEP,2021-03,2342,7400.92,3.160085397096499
SBBR,DEP,2021-04,1683,5327.450000000001,3.165448603683898
SBBR,DEP,2021-05,2292,7021.499999999998,3.0634816753926692
SBBR,DEP,2021-06,2595,8313.07,3.203495183044316
SBBR,DEP,2021-07,3434,10546.97,3.0713366336633663
SBBR,DEP,2021-08,3482,11851.71,3.403707639287765
SBBR,DEP,2021-09,3885,13542.660000000002,3.4858841698841703
SBBR,DEP,2021-10,4003,14464.58,3.613434923807145
SBBR,DEP,2021-11,4154,16011.28,3.8544246509388542
SBBR,DEP,2021-12,4626,18185.1,3.9310635538261995
SBBR,DEP,2022-01,4492,15437.350000000004,3.4366317898486205
SBBR,DEP,2022-02,3465,12736.560000000001,3.6757748917748923
SBBR,DEP,2022-03,3827,14497.229999999998,3.788144760909328
SBBR,DEP,2022-04,3581,13496.029999999999,3.7687880480312757
SBBR,DEP,2022-05,3889,15500.610000000002,3.98575726407817
SBBR,DEP,2022-06,3677,13460.410000000002,3.6607043785694864
SBBR,DEP,2022-07,4464,17997.97,4.031803315412187
SBBR,DEP,2022-08,4389,17870.25,4.0715994531784006
SBBR,DEP,2022-09,4261,18615.750000000004,4.368868810138466
SBBR,DEP,2022-10,4416,17916.279999999995,4.0571286231884045
SBBR,DEP,2022-11,4542,21330.57999999999,4.6962967855570215
SBBR,DEP,2022-12,4756,22662.939999999995,4.765126156433977
SBCF,DEP,2019-01,8418,36863.009999999995,4.37906985032074
SBCF,DEP,2019-02,7536,36752.060000000005,4.8768657112526546
SBCF,DEP,2019-03,3958,16264.92,4.109378473976756
SBCF,DEP,2019-04,3850,17163.579999999998,4.458072727272727
SBCF,DEP,2019-05,3977,17094.300000000003,4.298290168468696
SBCF,DEP,2019-06,3939,17331.090000000004,4.399870525514091
SBCF,DEP,2019-07,4471,21086.88,4.716367702974726
SBCF,DEP,2019-08,4212,19121.969999999998,4.539878917378917
SBCF,DEP,2019-09,4067,14256.759999999997,3.5054733218588634
SBCF,DEP,2019-10,4180,15563.849999999997,3.7234090909090902
SBCF,DEP,2019-11,3920,12594.21,3.2128086734693877
SBCF,DEP,2019-12,4039,14801.630000000001,3.664676900222828
SBCF,DEP,2020-01,4207,18249.379999999994,4.337860708343236
SBCF,DEP,2020-02,3698,11672.040000000003,3.156311519740401
SBCF,DEP,2020-03,2751,7255.1,2.637259178480553
SBCF,DEP,2020-04,257,359.45000000000005,1.39863813229572
SBCF,DEP,2020-05,297,512.36,1.7251178451178453
SBCF,DEP,2020-06,336,232.64000000000007,0.6923809523809525
SBCF,DEP,2020-07,489,371.01000000000005,0.7587116564417179
SBCF,DEP,2020-08,749,649.24,0.8668090787716956
SBCF,DEP,2020-09,1137,1064.14,0.9359190853122252
SBCF,DEP,2020-10,1820,2678.39,1.471642857142857
SBCF,DEP,2020-11,2217,4480.840000000001,2.0211276499774473
SBCF,DEP,2020-12,2702,5481.2,2.0285714285714285
SBCF,DEP,2021-01,3005,5892.85,1.9610149750415975
SBCF,DEP,2021-02,2129,3805.1599999999994,1.7872992015030529
SBCF,DEP,2021-03,2155,3127.71,1.4513735498839908
SBCF,DEP,2021-04,1674,2010.3999999999996,1.2009557945041813
SBCF,DEP,2021-05,1925,2748.07,1.4275688311688313
SBCF,DEP,2021-06,2133,3202.3300000000004,1.5013267698077826
SBCF,DEP,2021-07,2760,5210.000000000001,1.8876811594202902
SBCF,DEP,2021-08,2751,4741.120000000001,1.7234169392948022
SBCF,DEP,2021-09,2986,6056.04,2.028144675150703
SBCF,DEP,2021-10,3047,6156.17,2.020403675746636
SBCF,DEP,2021-11,3076,7519.57,2.4445936280884264
SBCF,DEP,2021-12,3584,11634.349999999999,3.2461914062499995
SBCF,DEP,2022-01,3335,12719.999999999998,3.8140929535232377
SBCF,DEP,2022-02,2761,7465.040000000001,2.7037450199203192
SBCF,DEP,2022-03,3193,7546.44,2.36343250861259
SBCF,DEP,2022-04,3394,9457.88,2.7866470241602825
SBCF,DEP,2022-05,3715,10111.76,2.721873485868102
SBCF,DEP,2022-06,3585,8654.61,2.4141171548117155
SBCF,DEP,2022-07,4103,11611.9,2.8300999268827685
SBCF,DEP,2022-08,3889,12077.810000000001,3.105633839033171
SBCF,DEP,2022-09,3818,12185.460000000003,3.191581980094291
SBCF,DEP,2022-10,4039,13941.869999999999,3.4518123297846
SBCF,DEP,2022-11,3799,12725.269999999997,3.3496367465122394
SBCF,DEP,2022-12,4002,15862.33,3.9636006996501747
SBCT,DEP,2019-01,4830,19430.99,4.022979296066253
SBCT,DEP,2019-02,4687,22327.200000000004,4.763644122039685
SBCT,DEP,2019-03,2453,11496.630000000001,4.686763147166735
SBCT,DEP,2019-04,2369,10771.650000000001,4.54691853102575
SBCT,DEP,2019-05,2372,10453.779999999999,4.407158516020235
SBCT,DEP,2019-06,2282,9878.239999999998,4.328764241893075
SBCT,DEP,2019-07,2564,10418.05,4.063202028081123
SBCT,DEP,2019-08,2561,10795.52,4.21535337758688
SBCT,DEP,2019-09,2552,8842.27,3.46483934169279
SBCT,DEP,2019-10,2637,11094.87,4.207383390216155
SBCT,DEP,2019-11,2570,7775.16,3.0253540856031127
SBCT,DEP,2019-12,2628,8257.449999999997,3.1421042617960415
SBCT,DEP,2020-01,2555,9104.739999999998,3.563499021526418
SBCT,DEP,2020-02,2248,7020.699999999999,3.123087188612099
SBCT,DEP,2020-03,1713,5443.040000000002,3.1774897840046714
SBCT,DEP,2020-04,130,170.79999999999995,1.3138461538461534
SBCT,DEP,2020-05,149,344.96,2.315167785234899
SBCT,DEP,2020-06,219,381.81000000000006,1.743424657534247
SBCT,DEP,2020-07,246,243.16,0.9884552845528455
SBCT,DEP,2020-08,341,611.53999999999985,1.793372434017595
SBCT,DEP,2020-09,492,839.5199999999999,1.7063414634146339
SBCT,DEP,2020-10,892,1664.0400000000002,1.865515695067265
SBCT,DEP,2020-11,1095,2176.66,1.9878173515981734
SBCT,DEP,2020-12,1191,2519.24,2.1152308984047017
SBCT,DEP,2021-01,1164,1999.8499999999997,1.7180841924398622
SBCT,DEP,2021-02,965,1983.3999999999999,2.055336787564767
SBCT,DEP,2021-03,762,1437.8500000000001,1.886942257217848
SBCT,DEP,2021-04,519,808.2199999999999,1.5572639691714834
SBCT,DEP,2021-05,717,1140.4799999999996,1.590627615062761
SBCT,DEP,2021-06,911,1675.0200000000002,1.8386608122941825
SBCT,DEP,2021-07,1101,2201.73,1.9997547683923707
SBCT,DEP,2021-08,1215,2705.77,2.226971193415638
SBCT,DEP,2021-09,1462,3475.87,2.3774760601915186
SBCT,DEP,2021-10,1487,3864,2.598520511096167
SBCT,DEP,2021-11,1674,4168.570000000001,2.4901851851851857
SBCT,DEP,2021-12,1794,4282.2300000000005,2.3869732441471574
SBCT,DEP,2022-01,1537,3726.1300000000006,2.424287573194535
SBCT,DEP,2022-02,1380,3169.87,2.2970072463768116
SBCT,DEP,2022-03,1774,4504.86,2.539379932356257
SBCT,DEP,2022-04,1927,5151.780000000002,2.673471717695901
SBCT,DEP,2022-05,2220,6018.819999999999,2.71118018018018
SBCT,DEP,2022-06,2055,4898.469999999999,2.383683698296837
SBCT,DEP,2022-07,2219,5610.92,2.5285804416403788
SBCT,DEP,2022-08,2185,5669.289999999999,2.5946407322654457
SBCT,DEP,2022-09,2115,5508.119999999999,2.604312056737588
SBCT,DEP,2022-10,2194,5611.310000000001,2.557570647219691
SBCT,DEP,2022-11,2181,6160.949999999999,2.8248280605226954
SBCT,DEP,2022-12,2140,5814.110000000001,2.7168738317757013
SBGL,DEP,2019-01,8862,43200.41000000001,4.874792371925075
SBGL,DEP,2019-02,6971,36616.380000000005,5.25267250035863
SBGL,DEP,2019-03,3601,20271.579999999998,5.629430713690641
SBGL,DEP,2019-04,2974,14987.98,5.039670477471419
SBGL,DEP,2019-05,2982,17151.359999999993,5.75162977867203
SBGL,DEP,2019-06,2862,13072.429999999995,4.567585604472395
SBGL,DEP,2019-07,3718,16101.529999999999,4.330696611081226
SBGL,DEP,2019-08,4200,20009.68,4.764209523809524
SBGL,DEP,2019-09,5640,25100.739999999998,4.450485815602836
SBGL,DEP,2019-10,3492,18274.21,5.233164375715922
SBGL,DEP,2019-11,3476,14673.930000000002,4.221498849252014
SBGL,DEP,2019-12,3895,17211.26,4.418808729139923
SBGL,DEP,2020-01,3416,15562.739999999998,4.555837236533957
SBGL,DEP,2020-02,3055,11921.660000000003,3.9023436988543385
SBGL,DEP,2020-03,2034,6566.870000000001,3.228549655850541
SBGL,DEP,2020-04,125,219.75000000000003,1.7580000000000002
SBGL,DEP,2020-05,162,231.44000000000003,1.4286419753086421
SBGL,DEP,2020-06,301,678.4500000000002,2.2539867109634555
SBGL,DEP,2020-07,491,1158.6100000000004,2.3596945010183306
SBGL,DEP,2020-08,716,3258.95,4.551606145251396
SBGL,DEP,2020-09,778,3667.2700000000004,4.713714652956298
SBGL,DEP,2020-10,1040,5194.17,4.994394230769231
SBGL,DEP,2020-11,885,4626.029999999999,5.22715254237288
SBGL,DEP,2020-12,1127,4672.9000000000005,4.146317657497782
SBGL,DEP,2021-01,1146,3602.8700000000013,3.143865619546249
SBGL,DEP,2021-02,740,1992.2599999999998,2.692243243243243
SBGL,DEP,2021-03,512,712.9299999999997,1.3924414062499995
SBGL,DEP,2021-04,385,808.9100000000001,2.1010649350649353
SBGL,DEP,2021-05,596,1475.1199999999997,2.4750335570469795
SBGL,DEP,2021-06,665,1960.0100000000002,2.947383458646617
SBGL,DEP,2021-07,1174,3999.02,3.406320272572402
SBGL,DEP,2021-08,1157,3973.8100000000004,3.434580812445981
SBGL,DEP,2021-09,1420,4921.230000000001,3.465654929577466
SBGL,DEP,2021-10,1337,4248.66,3.1777561705310395
SBGL,DEP,2021-11,1348,3669.320000000001,2.722047477744808
SBGL,DEP,2021-12,1735,6104.990000000001,3.518726224783862
SBGL,DEP,2022-01,1796,6650.020000000001,3.7026837416481078
SBGL,DEP,2022-02,1426,4907.25,3.4412692847124826
SBGL,DEP,2022-03,1483,5168.550000000001,3.485198921105867
SBGL,DEP,2022-04,1024,2833.479999999999,2.767070312499999
SBGL,DEP,2022-05,1003,2832.99,2.824516450648056
SBGL,DEP,2022-06,982,2428.2400000000002,2.4727494908350307
SBGL,DEP,2022-07,1149,3301.81,2.8736379460400348
SBGL,DEP,2022-08,1124,3188.05,2.836343416370107
SBGL,DEP,2022-09,1211,4544.0599999999995,3.7523203963666387
SBGL,DEP,2022-10,1235,3686.1199999999994,2.984712550607287
SBGL,DEP,2022-11,1305,4131.2300000000005,3.1656934865900386
SBGL,DEP,2022-12,1529,5336.239999999999,3.490019620667102
SBGR,DEP,2019-01,24214,144994.03999999998,5.988025109440819
SBGR,DEP,2019-02,20961,123044.31,5.8701545727780164
SBGR,DEP,2019-03,11035,58935.219999999994,5.340753964657906
SBGR,DEP,2019-04,10331,53270.23000000002,5.156347885006293
SBGR,DEP,2019-05,9470,37639.28999999999,3.974581837381203
SBGR,DEP,2019-06,9513,38063.78,4.001238305476716
SBGR,DEP,2019-07,11201,49896.11,4.45461208820641
SBGR,DEP,2019-08,11101,52911.5,4.766372398882983
SBGR,DEP,2019-09,10945,48216.73999999999,4.405366834170853
SBGR,DEP,2019-10,11059,52863.68,4.780150103987703
SBGR,DEP,2019-11,10874,53213.25,4.893622402059959
SBGR,DEP,2019-12,12237,81652.59000000001,6.672598676146115
SBGR,DEP,2020-01,11188,81753.09000000001,7.307212191633894
SBGR,DEP,2020-02,9825,53698.92999999999,5.465539949109414
SBGR,DEP,2020-03,7831,28959.219999999998,3.6980232409653935
SBGR,DEP,2020-04,1257,2039.24,1.6223070803500397
SBGR,DEP,2020-05,1501,2619.0499999999997,1.7448700866089273
SBGR,DEP,2020-06,1844,4075.6100000000006,2.2102006507592193
SBGR,DEP,2020-07,2875,8137.970000000001,2.8305982608695657
SBGR,DEP,2020-08,3897,11113.669999999998,2.8518527072106745
SBGR,DEP,2020-09,4796,12767.989999999998,2.6622164303586318
SBGR,DEP,2020-10,5854,19090.87,3.2611667236077895
SBGR,DEP,2020-11,6266,20002.409999999996,3.1922135333546118
SBGR,DEP,2020-12,7373,27072.84,3.6718893259188934
SBGR,DEP,2021-01,7344,26371.829999999994,3.590935457516339
SBGR,DEP,2021-02,5617,18011.42,3.20659070678298
SBGR,DEP,2021-03,4742,14199.939999999995,2.9945044285111755
SBGR,DEP,2021-04,3799,10790.979999999998,2.8404790734403784
SBGR,DEP,2021-05,4731,14253.089999999995,3.012701331642358
SBGR,DEP,2021-06,5455,17109.660000000003,3.136509624197984
SBGR,DEP,2021-07,7128,26783.389999999992,3.757490179573512
SBGR,DEP,2021-08,6733,24093.689999999995,3.5784479429674727
SBGR,DEP,2021-09,7138,26179.129999999997,3.6675721490613613
SBGR,DEP,2021-10,7363,27268.289999999994,3.70342115985332
SBGR,DEP,2021-11,7956,35642.99999999999,4.480015082956259
SBGR,DEP,2021-12,8760,41294.04,4.713931506849315
SBGR,DEP,2022-01,8282,38061.159999999996,4.595648394107703
SBGR,DEP,2022-02,6988,26469.239999999998,3.7878133943903833
SBGR,DEP,2022-03,7633,28970.120000000003,3.795377964103236
SBGR,DEP,2022-04,7193,24630.11,3.424177672737384
SBGR,DEP,2022-05,7568,27619.779999999995,3.649548097251585
SBGR,DEP,2022-06,7451,29399.5,3.9457119849684608
SBGR,DEP,2022-07,8948,35209.33000000001,3.9348826553419767
SBGR,DEP,2022-08,8978,33926.93,3.778896190688349
SBGR,DEP,2022-09,8579,41535.18000000001,4.8414943466604505
SBGR,DEP,2022-10,8856,45032.020000000004,5.084916440831075
SBGR,DEP,2022-11,8682,43283.539999999986,4.985434231743836
SBGR,DEP,2022-12,9479,53930.32000000001,5.689452473889651
SBKP,DEP,2019-01,9407,59320.51999999998,6.30599766131604
SBKP,DEP,2019-02,8765,57168.03999999999,6.522309184255561
SBKP,DEP,2019-03,4587,28285.409999999996,6.166429038587311
SBKP,DEP,2019-04,4539,28002.9,6.169398545935229
SBKP,DEP,2019-05,4666,26779.569999999992,5.7392991855979405
SBKP,DEP,2019-06,4495,27174.070000000003,6.045399332591769
SBKP,DEP,2019-07,4810,28882.48000000001,6.004673596673599
SBKP,DEP,2019-08,4755,20040.050000000003,4.214521556256573
SBKP,DEP,2019-09,4461,15549.069999999998,3.4855570499887913
SBKP,DEP,2019-10,4626,17752.809999999998,3.837615650670125
SBKP,DEP,2019-11,4266,16551.879999999997,3.8799531176746362
SBKP,DEP,2019-12,4202,14173.66,3.3730747263207994
SBKP,DEP,2020-01,4122,14225.430000000002,3.4510989810771475
SBKP,DEP,2020-02,3762,13974.609999999999,3.7146757044125462
SBKP,DEP,2020-03,2793,7966,2.8521303258145365
SBKP,DEP,2020-04,640,1551.43,2.424109375
SBKP,DEP,2020-05,778,1486.7499999999993,1.9109897172236494
SBKP,DEP,2020-06,568,1753.9599999999996,3.0879577464788723
SBKP,DEP,2020-07,791,2581.6200000000003,3.2637420986093555
SBKP,DEP,2020-08,952,2480.8499999999995,2.6059348739495793
SBKP,DEP,2020-09,1982,4116.37,2.0768768920282543
SBKP,DEP,2020-10,3288,9239.929999999998,2.8101976885644766
SBKP,DEP,2020-11,3777,12154.949999999999,3.2181493248610007
SBKP,DEP,2020-12,3959,13113.68,3.3123718110633997
SBKP,DEP,2021-01,4070,12513.18,3.0744914004914006
SBKP,DEP,2021-02,3436,8218.949999999999,2.3920110593713617
SBKP,DEP,2021-03,3645,9056.6,2.484663923182442
SBKP,DEP,2021-04,3071,5651.340000000001,1.840227938782156
SBKP,DEP,2021-05,3586,7598.9800000000005,2.119068600111545
SBKP,DEP,2021-06,3805,9165.779999999997,2.4088777923784486
SBKP,DEP,2021-07,4187,11028.699999999999,2.634033914497253
SBKP,DEP,2021-08,4606,12062.849999999997,2.6189426834563605
SBKP,DEP,2021-09,4323,12073.699999999997,2.792898450150358
SBKP,DEP,2021-10,4543,13821.730000000003,3.042423508694696
SBKP,DEP,2021-11,4550,13405.359999999997,2.9462329670329663
SBKP,DEP,2021-12,4617,13450.939999999997,2.9133506606021218
SBKP,DEP,2022-01,3817,10935.280000000004,2.8648886560125764
SBKP,DEP,2022-02,4065,10533.929999999998,2.591372693726937
SBKP,DEP,2022-03,4747,14202.119999999999,2.9918095639351168
SBKP,DEP,2022-04,4927,14060.050000000001,2.853673635072052
SBKP,DEP,2022-05,5414,17287.79,3.193164019209457
SBKP,DEP,2022-06,4751,12369.119999999995,2.603477162702588
SBKP,DEP,2022-07,5187,13822.039999999997,2.6647464815885864
SBKP,DEP,2022-08,5420,17214.480000000003,3.176103321033211
SBKP,DEP,2022-09,5378,19671.21,3.657718482707326
SBKP,DEP,2022-10,5672,20822.1,3.671033145275035
SBKP,DEP,2022-11,5353,16807.270000000004,3.139785167195966
SBKP,DEP,2022-12,5518,20303.18,3.6794454512504533
SBPA,DEP,2019-01,5606,20861.179999999997,3.7212236889047445
SBPA,DEP,2019-02,5209,27197.550000000003,5.221261278556345
SBPA,DEP,2019-03,2626,13067.509999999997,4.97620335110434
SBPA,DEP,2019-04,2558,12944.529999999997,5.060410476935105
SBPA,DEP,2019-05,2554,12125.27,4.747560689115113
SBPA,DEP,2019-06,2493,11708.310000000001,4.696474127557161
SBPA,DEP,2019-07,2855,12690.129999999997,4.444879159369526
SBPA,DEP,2019-08,2857,15511.780000000002,5.429394469723487
SBPA,DEP,2019-09,2753,9794.86,3.5578859426080642
SBPA,DEP,2019-10,2857,13307.27,4.657777388869444
SBPA,DEP,2019-11,2723,8509.78,3.1251487330150574
SBPA,DEP,2019-12,2972,10170.229999999998,3.422015477792731
SBPA,DEP,2020-01,2898,10290.489999999998,3.5508937198067625
SBPA,DEP,2020-02,2532,6943.399999999999,2.7422590837282774
SBPA,DEP,2020-03,1883,4991.21,2.650669144981413
SBPA,DEP,2020-04,151,158.85000000000002,1.0519867549668875
SBPA,DEP,2020-05,160,280.71,1.7544374999999999
SBPA,DEP,2020-06,230,452.78000000000003,1.968608695652174
SBPA,DEP,2020-07,354,629.78999999999985,1.7790677966101691
SBPA,DEP,2020-08,395,573.9000000000002,1.4529113924050638
SBPA,DEP,2020-09,626,1036.1299999999999,1.6551597444089454
SBPA,DEP,2020-10,1055,2205.0900000000006,2.0901327014218016
SBPA,DEP,2020-11,1379,2874.4,2.084408992023205
SBPA,DEP,2020-12,1676,3661.9399999999996,2.1849284009546537
SBPA,DEP,2021-01,1761,3320.9400000000005,1.885826235093697
SBPA,DEP,2021-02,1314,2927.2899999999995,2.2277701674277015
SBPA,DEP,2021-03,1032,1902.1799999999996,1.8431976744186043
SBPA,DEP,2021-04,684,1308.59,1.913143274853801
SBPA,DEP,2021-05,946,1669.26,1.7645454545454546
SBPA,DEP,2021-06,1258,2719.98,2.16214626391097
SBPA,DEP,2021-07,1687,4032.98,2.3906224066390043
SBPA,DEP,2021-08,1798,3923.530000000001,2.182163515016686
SBPA,DEP,2021-09,1766,4752.7699999999995,2.6912627406568514
SBPA,DEP,2021-10,1813,4467.429999999999,2.464109211252068
SBPA,DEP,2021-11,2181,6574.790000000001,3.0145758826226507
SBPA,DEP,2021-12,2373,6338.069999999999,2.670910240202275
SBPA,DEP,2022-01,2190,5748.489999999999,2.6248812785388123
SBPA,DEP,2022-02,1772,4376.300000000001,2.46969525959368
SBPA,DEP,2022-03,2081,5712.039999999997,2.7448534358481487
SBPA,DEP,2022-04,2174,5986.540000000001,2.753698252069918
SBPA,DEP,2022-05,2430,6825.3499999999995,2.8087860082304523
SBPA,DEP,2022-06,2282,6162.330000000002,2.700407537248029
SBPA,DEP,2022-07,2486,6825.62,2.745623491552695
SBPA,DEP,2022-08,2299,5899.400000000002,2.5660722053066563
SBPA,DEP,2022-09,2193,5825.249999999999,2.6562927496580024
SBPA,DEP,2022-10,2301,6037.99,2.624072142546719
SBPA,DEP,2022-11,2398,6802.879999999999,2.836897414512093
SBPA,DEP,2022-12,2487,6698.669999999998,2.693474065138721
SBRJ,DEP,2019-01,7364,25877.499999999996,3.514054861488321
SBRJ,DEP,2019-02,6649,25401.289999999994,3.820317340953526
SBRJ,DEP,2019-03,3529,15806.829999999998,4.479124397846415
SBRJ,DEP,2019-04,3551,14919.440000000002,4.2014756406646026
SBRJ,DEP,2019-05,3631,16124.620000000004,4.44082071054806
SBRJ,DEP,2019-06,3282,12576.79,3.832050578915296
SBRJ,DEP,2019-07,3597,12435.199999999999,3.4571031415068108
SBRJ,DEP,2019-08,2841,10968.72,3.8608658922914465
SBRJ,DEP,2019-09,1556,4988.109999999999,3.205726221079691
SBRJ,DEP,2019-10,4117,14774.460000000001,3.5886470731114892
SBRJ,DEP,2019-11,4021,13350.129999999997,3.320101964685401
SBRJ,DEP,2019-12,4335,15369.380000000001,3.5454163783160326
SBRJ,DEP,2020-01,4499,20479.930000000004,4.552107134918872
SBRJ,DEP,2020-02,3964,12824.910000000002,3.2353456104944507
SBRJ,DEP,2020-03,2884,8446.099999999999,2.928606102635228
SBRJ,DEP,2020-04,189,323.15000000000003,1.70978835978836
SBRJ,DEP,2020-05,243,333.41,1.3720576131687243
SBRJ,DEP,2020-06,374,574.9399999999999,1.5372727272727271
SBRJ,DEP,2020-07,609,1383.6499999999999,2.2720032840722495
SBRJ,DEP,2020-08,835,2382.4400000000005,2.8532215568862282
SBRJ,DEP,2020-09,1416,3765.03,2.658919491525424
SBRJ,DEP,2020-10,2033,5548.6500000000015,2.7292916871618305
SBRJ,DEP,2020-11,2317,6754.399999999999,2.915148899438929
SBRJ,DEP,2020-12,2821,9443.510000000002,3.3475753278979092
SBRJ,DEP,2021-01,2790,8518.28,3.053146953405018
SBRJ,DEP,2021-02,2130,6227.12,2.9235305164319247
SBRJ,DEP,2021-03,1808,3883.5299999999997,2.147970132743363
SBRJ,DEP,2021-04,1311,2452.2399999999993,1.8705110602593435
SBRJ,DEP,2021-05,1745,4091.0200000000004,2.3444240687679088
SBRJ,DEP,2021-06,2029,5085.52,2.5064169541646133
SBRJ,DEP,2021-07,2588,7890.389999999999,3.0488369397217925
SBRJ,DEP,2021-08,2643,7148.229999999999,2.70458948164964
SBRJ,DEP,2021-09,2818,8122.559999999998,2.8823846699787077
SBRJ,DEP,2021-10,2867,8049.9,2.8077781653296126
SBRJ,DEP,2021-11,3140,9162.189999999999,2.9178949044585982
SBRJ,DEP,2021-12,3417,10484.859999999999,3.068440152180275
SBRJ,DEP,2022-01,3028,8473.359999999999,2.7983355350066046
SBRJ,DEP,2022-02,2719,8170.219999999999,3.0048620816476643
SBRJ,DEP,2022-03,3326,10708.710000000001,3.2196963319302467
SBRJ,DEP,2022-04,3811,16452.57,4.3171267383888745
SBRJ,DEP,2022-05,4190,17870.760000000002,4.2650978520286404
SBRJ,DEP,2022-06,3878,16391.470000000005,4.226784424961322
SBRJ,DEP,2022-07,4298,18566.160000000003,4.319720800372267
SBRJ,DEP,2022-08,4312,19336.319999999996,4.484304267161409
SBRJ,DEP,2022-09,4226,20381.620000000003,4.822910553715098
SBRJ,DEP,2022-10,4472,20940.350000000006,4.6825469588551
SBRJ,DEP,2022-11,4525,23164.28,5.119177900552486
SBRJ,DEP,2022-12,4627,23196.820000000007,5.013360708882647
SBSP,DEP,2019-01,15344,70909.9,4.621343847758081
SBSP,DEP,2019-02,13594,86215.70999999998,6.342188465499484
SBSP,DEP,2019-03,7238,32104.300000000003,4.435520862116607
SBSP,DEP,2019-04,7059,36917.38999999999,5.229832837512395
SBSP,DEP,2019-05,7117,33944.83,4.769541941829423
SBSP,DEP,2019-06,6492,26616.560000000005,4.099901417128774
SBSP,DEP,2019-07,7102,26555.569999999996,3.739167840045057
SBSP,DEP,2019-08,7027,37651.2,5.3580759925999715
SBSP,DEP,2019-09,7235,32643.87999999999,4.511939184519695
SBSP,DEP,2019-10,7491,40756.84,5.4407742624482704
SBSP,DEP,2019-11,7332,39512.25000000001,5.389013911620296
SBSP,DEP,2019-12,7581,40827.63,5.385520379897111
SBSP,DEP,2020-01,7750,43520.83,5.615590967741936
SBSP,DEP,2020-02,6923,36452.509999999995,5.265421060234002
SBSP,DEP,2020-03,4970,20258.210000000003,4.076098591549297
SBSP,DEP,2020-04,44,18.64,0.42363636363636364
SBSP,DEP,2020-05,25,22.619999999999997,0.9047999999999999
SBSP,DEP,2020-06,346,544.76,1.5744508670520232
SBSP,DEP,2020-07,618,735.7599999999998,1.1905501618122973
SBSP,DEP,2020-08,522,5303.949999999999,10.16082375478927
SBSP,DEP,2020-09,887,2284.99,2.57608793686584
SBSP,DEP,2020-10,1898,3759.78,1.9809167544783983
SBSP,DEP,2020-11,2446,4862.340000000001,1.9878740801308263
SBSP,DEP,2020-12,2957,8034.27,2.717034156239432
SBSP,DEP,2021-01,3424,8609.16,2.514357476635514
SBSP,DEP,2021-02,2550,4704.79,1.8450156862745097
SBSP,DEP,2021-03,2077,3754.3900000000012,1.8076023110255182
SBSP,DEP,2021-04,1159,1526.2300000000002,1.3168507333908543
SBSP,DEP,2021-05,1735,2964.9200000000005,1.7088876080691646
SBSP,DEP,2021-06,2119,4124.1900000000005,1.946290703161869
SBSP,DEP,2021-07,3332,7948.879999999999,2.385618247298919
SBSP,DEP,2021-08,3236,7721.239999999999,2.3860444993819527
SBSP,DEP,2021-09,3757,10691.309999999998,2.845704019164226
SBSP,DEP,2021-10,4055,11948.519999999999,2.9466140567200982
SBSP,DEP,2021-11,4398,14975.159999999998,3.4049931787175987
SBSP,DEP,2021-12,5222,17822.550000000003,3.4129739563385684
SBSP,DEP,2022-01,5293,17229.440000000002,3.255136973361043
SBSP,DEP,2022-02,4084,12746.119999999999,3.1209892262487755
SBSP,DEP,2022-03,4606,18012.850000000002,3.9107359965262707
SBSP,DEP,2022-04,5553,24353.80000000001,4.385701422654423
SBSP,DEP,2022-05,6390,30409.91,4.758984350547731
SBSP,DEP,2022-06,5936,22390.489999999994,3.7719828167115894
SBSP,DEP,2022-07,6579,27091.710000000003,4.1179069767441865
SBSP,DEP,2022-08,6385,34222.719999999994,5.359862176977289
SBSP,DEP,2022-09,6100,33920.45,5.5607295081967205
SBSP,DEP,2022-10,6568,35522.83,5.408469853836785
SBSP,DEP,2022-11,7111,44154.24999999999,6.2092884263816615
SBSP,DEP,2022-12,7448,47141.829999999994,6.329461600429645
SBSV,DEP,2019-01,5830,24530.25,4.207590051457976
SBSV,DEP,2019-02,4556,20438.49,4.4860601404741
SBSV,DEP,2019-03,2436,11594.330000000002,4.759577175697866
SBSV,DEP,2019-04,1923,8654.49,4.500514820592824
SBSV,DEP,2019-05,1705,7357.1900000000005,4.315067448680352
SBSV,DEP,2019-06,1781,8056.82,4.523761931499157
SBSV,DEP,2019-07,2479,10588.07,4.271105284388867
SBSV,DEP,2019-08,2237,11159.3,4.9885113991953505
SBSV,DEP,2019-09,2194,6677.110000000001,3.0433500455788516
SBSV,DEP,2019-10,2254,9444.79,4.190235137533275
SBSV,DEP,2019-11,2389,7329.920000000002,3.068195897865216
SBSV,DEP,2019-12,2669,8755.2,3.2803297115024357
SBSV,DEP,2020-01,2726,10129.85,3.7160124724871606
SBSV,DEP,2020-02,2415,6953.85,2.87944099378882
SBSV,DEP,2020-03,1752,4757.8,2.7156392694063927
SBSV,DEP,2020-04,163,291.09,1.7858282208588956
SBSV,DEP,2020-05,203,439.69000000000005,2.1659605911330053
SBSV,DEP,2020-06,230,540.5899999999999,2.3503913043478257
SBSV,DEP,2020-07,404,1062.8,2.6306930693069304
SBSV,DEP,2020-08,528,1545.5800000000002,2.927234848484849
SBSV,DEP,2020-09,845,2383.06,2.820189349112426
SBSV,DEP,2020-10,1356,3776.7800000000007,2.7852359882005904
SBSV,DEP,2020-11,1486,5210.07,3.5061036339165543
SBSV,DEP,2020-12,2029,7394.079999999999,3.644199112863479
SBSV,DEP,2021-01,2452,9893.079999999998,4.0346982055464915
SBSV,DEP,2021-02,1672,4775.189999999998,2.8559748803827736
SBSV,DEP,2021-03,1472,4805.460000000001,3.2645788043478268
SBSV,DEP,2021-04,861,2133.4399999999996,2.4778629500580713
SBSV,DEP,2021-05,1101,3481.86,3.1624523160762945
SBSV,DEP,2021-06,1440,4669.509999999999,3.2427152777777772
SBSV,DEP,2021-07,1961,6269.170000000001,3.1969250382457934
SBSV,DEP,2021-08,1723,6706.1500000000005,3.892135809634359
SBSV,DEP,2021-09,1955,9151.449999999999,4.681048593350383
SBSV,DEP,2021-10,2008,7184.73,3.578052788844621
SBSV,DEP,2021-11,2106,7632.36,3.624102564102564
SBSV,DEP,2021-12,2566,9648.960000000001,3.760311769290725
SBSV,DEP,2022-01,2591,10291.660000000003,3.972080277884988
SBSV,DEP,2022-02,2068,6942.1500000000015,3.3569390715667318
SBSV,DEP,2022-03,2307,7760.879999999999,3.3640572171651493
SBSV,DEP,2022-04,2118,7625.62,3.6003871576959394
SBSV,DEP,2022-05,2056,6917.26,3.3644260700389106
SBSV,DEP,2022-06,1971,7002.060000000001,3.5525418569254192
SBSV,DEP,2022-07,2085,8045.4000000000005,3.8587050359712234
SBSV,DEP,2022-08,2053,7189.239999999999,3.501821724305893
SBSV,DEP,2022-09,1943,6867.910000000001,3.534693772516727
SBSV,DEP,2022-10,1924,6529.11,3.3935083160083157
SBSV,DEP,2022-11,2082,7471.99,3.588852065321806
SBSV,DEP,2022-12,2412,8516.340000000002,3.530820895522389
