APT,DATE,PHASE,N_VALID,"(-INF,-60]","(-60,-55]","(-55,-50]","(-50,-45]","(-45,-40]","(-40,-35]","(-35,-30]","(-30,-25]","(-25,-20]","(-20,-15]","(-15,-10]","(-10,-5]","(-5,0]","(0,5)","[5,10)","[10,15)","[15,20)","[20,25)","[25,30)","[30,35)","[35,40)","[40,45)","[45,50)","[50,55)","[55,60)","[60,INF)",EARLY_M15M05,EARLY_M05M00,LATE_P00P05,LATE_P05P15,WITHIN_M05P05,WITHIN_M15P15
SBBR,2019-01,ARR,5477,2,0,2,2,7,30,63,221,499,791,829,813,642,406,286,217,143,112,76,55,43,35,32,18,24,129,1642,642,406,503,1048,3193
SBBR,2019-02,ARR,4829,2,0,1,3,4,17,48,166,385,599,749,721,532,386,297,207,169,131,79,62,57,29,27,26,22,110,1470,532,386,504,918,2892
SBBR,2019-03,ARR,5137,3,1,0,0,2,21,80,234,497,820,890,756,503,343,239,160,114,94,60,46,36,25,26,29,17,141,1646,503,343,399,846,2891
SBBR,2019-04,ARR,4766,2,1,0,1,3,20,73,186,438,764,861,699,497,337,241,141,98,78,53,42,48,21,20,20,13,109,1560,497,337,382,834,2776
SBBR,2019-05,ARR,4787,0,0,0,0,2,18,86,244,557,852,905,708,508,308,175,117,75,57,27,24,21,11,17,10,8,57,1613,508,308,292,816,2721
SBBR,2019-06,ARR,4397,1,0,1,1,5,21,98,241,489,762,879,633,423,257,177,107,69,61,37,27,22,13,12,4,3,54,1512,423,257,284,680,2476
SBBR,2019-07,ARR,5240,5,0,0,0,5,24,62,195,495,845,967,817,551,404,249,176,110,69,54,50,23,24,21,13,9,72,1784,551,404,425,955,3164
SBBR,2019-08,ARR,4803,3,0,0,2,7,19,53,164,397,674,830,830,592,429,218,162,103,78,58,42,26,25,14,12,9,56,1660,592,429,380,1021,3061
SBBR,2019-09,ARR,4869,1,0,2,5,12,27,61,149,430,704,867,838,567,359,229,152,109,94,73,33,29,22,14,10,12,70,1705,567,359,381,926,3012
SBBR,2019-10,ARR,5194,1,1,3,7,14,13,41,122,371,723,942,891,643,445,283,182,143,86,65,55,21,26,15,12,10,79,1833,643,445,465,1088,3386
SBBR,2019-11,ARR,5195,1,2,5,9,9,21,33,96,248,534,781,843,703,502,344,264,165,135,95,82,56,39,25,13,26,164,1624,703,502,608,1205,3437
SBBR,2019-12,ARR,5305,2,1,3,4,3,17,41,123,272,516,736,783,677,514,348,264,211,160,105,81,83,56,49,39,34,183,1519,677,514,612,1191,3322
SBBR,2020-01,ARR,5524,3,1,7,2,8,20,41,108,359,645,768,823,748,559,438,262,198,116,95,57,44,22,25,14,18,143,1591,748,559,700,1307,3598
SBBR,2020-02,ARR,4789,5,4,2,9,6,25,39,123,339,609,786,754,609,430,271,193,132,107,71,39,35,21,25,19,17,119,1540,609,430,464,1039,3043
SBBR,2020-03,ARR,3739,1,0,8,4,13,15,38,149,325,597,677,659,470,253,139,102,66,42,39,13,17,10,9,9,5,79,1336,470,253,241,723,2300
SBBR,2020-04,ARR,286,5,0,0,0,0,5,15,32,42,39,42,25,23,14,9,4,6,1,5,0,5,2,1,3,2,6,67,23,14,13,37,117
SBBR,2020-05,ARR,340,1,0,0,1,2,1,9,14,33,39,55,45,37,26,17,18,11,8,10,3,2,1,0,0,1,6,100,37,26,35,63,198
SBBR,2020-06,ARR,589,0,0,0,0,0,0,6,29,70,74,98,91,83,47,32,15,12,1,2,11,1,1,0,3,0,13,189,83,47,47,130,366
SBBR,2020-07,ARR,1255,1,0,0,1,0,9,32,91,198,245,224,196,108,47,30,22,13,5,6,3,4,1,1,5,2,11,420,108,47,52,155,627
SBBR,2020-08,ARR,1831,0,0,0,1,1,3,18,79,198,346,388,312,207,111,53,29,17,15,14,7,2,6,2,3,0,19,700,207,111,82,318,1100
SBBR,2020-09,ARR,2498,0,0,0,0,0,5,20,73,234,467,570,472,309,152,71,38,19,14,9,10,7,2,8,2,2,14,1042,309,152,109,461,1612
SBBR,2020-10,ARR,3135,1,0,0,1,3,7,26,114,287,513,681,569,373,217,115,68,36,27,18,14,12,9,4,2,2,36,1250,373,217,183,590,2023
SBBR,2020-11,ARR,3090,1,0,0,0,0,7,30,95,263,396,516,509,408,269,189,115,71,63,34,29,22,14,8,11,4,36,1025,408,269,304,677,2006
SBBR,2020-12,ARR,3708,0,0,1,1,4,19,51,151,388,609,699,594,417,239,169,93,54,58,35,27,16,16,12,9,5,41,1293,417,239,262,656,2211
SBBR,2021-01,ARR,3693,3,0,0,1,2,11,63,220,443,683,686,561,361,211,131,86,60,49,29,23,16,8,6,8,5,27,1247,361,211,217,572,2036
SBBR,2021-02,ARR,2778,1,0,0,0,2,15,56,144,341,515,583,410,260,154,77,62,40,22,16,14,15,11,9,2,3,26,993,260,154,139,414,1546
SBBR,2021-03,ARR,2400,0,0,0,0,2,10,54,138,340,532,512,351,225,90,48,21,16,10,16,6,4,3,0,3,3,16,863,225,90,69,315,1247
SBBR,2021-04,ARR,1688,1,0,2,3,7,12,33,109,222,362,388,251,131,58,34,19,17,8,7,3,1,2,6,0,2,10,639,131,58,53,189,881
SBBR,2021-05,ARR,2336,0,2,2,7,2,13,44,118,251,447,489,407,276,116,59,27,19,11,10,4,1,2,2,7,0,20,896,276,116,86,392,1374
SBBR,2021-06,ARR,2688,0,0,2,1,2,5,13,104,250,471,590,535,326,171,78,47,24,8,14,5,3,4,2,3,3,27,1125,326,171,125,497,1747
SBBR,2021-07,ARR,3497,1,0,0,1,3,13,41,143,368,614,761,589,404,213,121,68,36,28,16,15,9,10,4,7,4,28,1350,404,213,189,617,2156
SBBR,2021-08,ARR,3603,1,0,0,0,2,8,32,129,346,631,762,734,402,210,113,54,49,33,21,8,12,11,7,4,5,29,1496,402,210,167,612,2275
SBBR,2021-09,ARR,3846,0,0,0,0,0,4,21,129,366,722,839,664,450,252,129,75,49,41,16,17,14,7,6,5,8,32,1503,450,252,204,702,2409
SBBR,2021-10,ARR,4021,1,0,0,0,3,3,16,88,295,617,822,765,517,302,169,97,72,57,42,19,21,8,10,7,8,82,1587,517,302,266,819,2672
SBBR,2021-11,ARR,4254,1,0,0,1,3,2,23,95,268,517,686,716,553,404,258,196,115,98,57,48,26,32,22,19,15,99,1402,553,404,454,957,2813
SBBR,2021-12,ARR,4703,1,0,0,0,4,12,59,134,270,464,706,712,624,454,308,197,186,141,81,71,46,38,35,26,11,123,1418,624,454,505,1078,3001
SBBR,2022-01,ARR,4572,3,0,1,2,13,15,39,124,371,692,824,707,519,363,226,166,125,85,60,46,25,23,17,11,17,98,1531,519,363,392,882,2805
SBBR,2022-02,ARR,3509,0,0,0,2,8,16,43,172,363,582,727,593,374,222,124,87,59,33,26,8,18,10,5,3,3,31,1320,374,222,211,596,2127
SBBR,2022-03,ARR,3871,1,1,1,0,4,12,35,159,416,712,817,644,381,239,146,78,53,39,30,10,14,12,10,6,4,47,1461,381,239,224,620,2305
SBBR,2022-04,ARR,3539,0,0,0,0,1,4,34,123,301,561,713,605,410,257,162,91,61,56,28,34,14,16,12,3,4,49,1318,410,257,253,667,2238
SBBR,2022-05,ARR,3922,1,0,0,4,5,11,27,114,261,514,715,680,559,369,192,141,80,61,41,27,17,13,17,12,7,54,1395,559,369,333,928,2656
SBBR,2022-06,ARR,3742,4,0,0,0,0,9,21,112,288,562,730,679,496,294,188,91,59,67,29,24,17,16,9,7,5,35,1409,496,294,279,790,2478
SBBR,2022-07,ARR,4608,0,0,0,0,3,3,25,81,245,555,953,825,680,423,240,155,109,72,48,40,23,21,18,9,10,70,1778,680,423,395,1103,3276
SBBR,2022-08,ARR,4453,0,0,0,1,4,7,12,70,217,502,762,852,598,447,271,212,128,96,64,49,39,28,13,9,10,62,1614,598,447,483,1045,3142
SBBR,2022-09,ARR,4324,0,0,0,1,0,1,15,97,237,554,739,777,588,400,244,174,127,95,46,51,40,15,19,15,17,72,1516,588,400,418,988,2922
SBBR,2022-10,ARR,4482,0,0,0,0,1,1,25,82,250,574,782,817,566,402,265,170,123,83,57,55,41,25,32,14,14,103,1599,566,402,435,968,3002
SBBR,2022-11,ARR,4484,0,0,0,0,1,5,23,70,246,379,608,667,587,476,336,250,152,137,89,75,70,51,39,44,27,152,1275,587,476,586,1063,2924
SBBR,2022-12,ARR,4754,1,0,0,0,2,3,18,76,238,509,687,716,576,434,337,231,189,143,121,84,62,51,36,33,25,182,1403,576,434,568,1010,2981
SBBR,2023-01,ARR,4684,0,0,0,0,1,0,17,79,267,514,718,734,614,497,319,213,143,128,77,75,51,44,32,21,15,125,1452,614,497,532,1111,3095
SBBR,2023-02,ARR,4085,2,0,0,0,0,2,10,76,223,477,698,714,533,357,245,149,129,95,68,62,39,32,33,22,18,101,1412,533,357,394,890,2696
SBBR,2019-01,DEP,5513,2,0,0,0,0,3,2,0,0,8,247,1146,1491,874,553,314,235,173,106,71,63,47,32,13,14,119,1393,1491,874,867,2365,4625
SBBR,2019-02,DEP,4822,1,0,0,0,0,0,1,1,1,8,188,914,1317,760,468,332,188,154,103,84,76,49,19,27,25,106,1102,1317,760,800,2077,3979
SBBR,2019-03,DEP,5147,2,0,1,0,0,0,0,1,0,14,315,1263,1371,752,391,251,178,102,83,61,59,41,39,25,24,174,1578,1371,752,642,2123,4343
SBBR,2019-04,DEP,4773,0,0,0,1,0,0,1,1,0,16,286,1219,1359,674,379,204,154,111,60,51,44,34,26,25,12,116,1505,1359,674,583,2033,4121
SBBR,2019-05,DEP,4801,0,0,0,1,0,0,1,0,1,17,422,1534,1284,659,313,160,131,66,43,25,23,15,14,9,15,68,1956,1284,659,473,1943,4372
SBBR,2019-06,DEP,4429,0,0,0,0,1,0,1,0,0,25,404,1379,1214,562,284,174,109,70,61,32,21,15,14,7,3,53,1783,1214,562,458,1776,4017
SBBR,2019-07,DEP,5256,2,0,0,0,0,1,0,2,1,8,288,1467,1527,746,376,255,139,129,86,49,42,19,15,14,7,83,1755,1527,746,631,2273,4659
SBBR,2019-08,DEP,4816,0,0,0,0,1,1,1,0,2,9,334,1412,1340,620,335,204,153,96,60,68,38,31,23,13,9,66,1746,1340,620,539,1960,4245
SBBR,2019-09,DEP,4861,0,0,0,0,2,0,0,0,0,16,293,1340,1392,661,360,232,139,104,75,55,35,32,23,13,15,74,1633,1392,661,592,2053,4278
SBBR,2019-10,DEP,5206,1,0,0,0,0,0,0,1,2,22,306,1256,1396,771,462,284,193,140,105,59,40,22,27,11,15,93,1562,1396,771,746,2167,4475
SBBR,2019-11,DEP,5203,10,3,0,1,1,0,0,0,0,6,172,841,1276,840,565,387,269,222,136,97,67,55,42,32,17,164,1013,1276,840,952,2116,4081
SBBR,2019-12,DEP,5275,1,0,0,0,0,0,0,0,1,9,193,872,1269,771,544,357,280,195,155,114,71,83,59,55,30,216,1065,1269,771,901,2040,4006
SBBR,2020-01,DEP,5555,0,0,0,0,0,0,0,0,0,19,306,1074,1389,854,540,382,284,188,125,97,49,47,43,20,20,118,1380,1389,854,922,2243,4545
SBBR,2020-02,DEP,4783,0,0,0,0,0,1,0,0,0,20,278,1113,1293,728,396,264,177,119,96,57,47,22,20,20,14,118,1391,1293,728,660,2021,4072
SBBR,2020-03,DEP,3717,0,0,0,0,0,0,0,0,2,23,370,1221,944,436,247,137,88,59,38,35,21,16,14,6,8,52,1591,944,436,384,1380,3355
SBBR,2020-04,DEP,282,0,0,0,0,0,0,0,0,0,8,64,79,54,21,12,9,7,2,2,2,4,2,1,3,1,11,143,54,21,21,75,239
SBBR,2020-05,DEP,347,1,0,0,0,0,0,1,1,1,6,61,116,69,19,23,8,13,4,10,2,4,1,0,0,0,7,177,69,19,31,88,296
SBBR,2020-06,DEP,592,0,0,0,0,0,0,0,0,1,9,114,216,150,29,23,8,12,7,7,2,4,0,0,0,0,10,330,150,29,31,179,540
SBBR,2020-07,DEP,1256,1,0,0,0,0,0,0,1,2,17,260,474,263,114,49,15,22,7,8,3,2,1,4,2,1,10,734,263,114,64,377,1175
SBBR,2020-08,DEP,1825,0,0,0,0,0,0,0,0,1,17,237,679,496,191,79,44,14,12,17,4,4,2,3,3,6,16,916,496,191,123,687,1726
SBBR,2020-09,DEP,2490,0,0,1,0,0,0,0,0,0,13,233,715,793,349,148,84,47,35,27,12,7,6,4,1,2,13,948,793,349,232,1142,2322
SBBR,2020-10,DEP,3150,0,0,0,0,1,0,1,3,2,15,335,922,891,405,208,117,78,57,25,24,15,8,5,1,1,36,1257,891,405,325,1296,2878
SBBR,2020-11,DEP,3076,1,0,0,0,0,0,0,0,1,5,190,694,854,485,265,199,122,71,50,29,14,15,12,11,4,54,884,854,485,464,1339,2687
SBBR,2020-12,DEP,3684,0,0,1,0,1,1,1,0,3,9,186,853,980,610,368,217,143,95,74,36,25,12,15,5,9,40,1039,980,610,585,1590,3214
SBBR,2021-01,DEP,3685,0,0,0,0,0,1,0,1,1,25,268,1084,1078,496,270,156,99,56,44,30,12,9,10,9,4,32,1352,1078,496,426,1574,3352
SBBR,2021-02,DEP,2731,0,0,0,0,0,0,1,0,2,17,260,1034,770,274,135,76,46,25,25,7,12,12,6,6,2,21,1294,770,274,211,1044,2549
SBBR,2021-03,DEP,2358,0,0,0,0,0,1,0,1,2,17,256,975,715,197,74,38,21,12,10,6,5,5,5,0,2,16,1231,715,197,112,912,2255
SBBR,2021-04,DEP,1702,2,1,0,0,0,0,0,0,1,15,158,698,517,148,57,29,19,15,10,7,5,3,2,1,1,13,856,517,148,86,665,1607
SBBR,2021-05,DEP,2318,1,0,0,1,1,1,0,0,0,10,173,909,777,199,93,65,27,14,7,6,4,4,3,3,3,17,1082,777,199,158,976,2216
SBBR,2021-06,DEP,2628,0,0,0,0,1,0,1,0,0,13,186,978,938,265,96,48,30,16,6,8,8,4,5,2,3,20,1164,938,265,144,1203,2511
SBBR,2021-07,DEP,3468,0,0,0,0,0,1,1,0,2,11,225,1346,1090,375,143,81,54,26,16,10,15,9,4,8,6,45,1571,1090,375,224,1465,3260
SBBR,2021-08,DEP,3594,1,0,0,0,0,1,1,0,1,13,240,1329,1168,379,158,107,57,35,20,12,17,11,4,8,2,30,1569,1168,379,265,1547,3381
SBBR,2021-09,DEP,3912,0,0,0,0,0,0,1,1,0,10,196,1180,1334,582,233,103,82,55,27,24,17,7,11,11,3,35,1376,1334,582,336,1916,3628
SBBR,2021-10,DEP,4101,0,0,0,0,0,0,0,2,0,5,164,987,1364,642,307,205,101,68,46,40,26,27,10,9,12,86,1151,1364,642,512,2006,3669
SBBR,2021-11,DEP,4265,1,0,0,0,1,2,1,1,0,5,136,854,1251,677,389,263,171,127,86,51,37,39,32,18,10,113,990,1251,677,652,1928,3570
SBBR,2021-12,DEP,4735,0,0,1,0,0,1,0,3,3,5,113,869,1230,707,461,292,201,180,142,99,98,58,48,44,18,162,982,1230,707,753,1937,3672
SBBR,2022-01,DEP,4585,3,0,0,0,0,0,0,1,1,5,171,1166,1311,615,402,270,160,106,85,54,34,34,24,22,17,104,1337,1311,615,672,1926,3935
SBBR,2022-02,DEP,3504,1,0,0,0,0,1,1,0,1,2,160,1170,1167,445,220,111,63,42,33,18,11,3,8,9,4,34,1330,1167,445,331,1612,3273
SBBR,2022-03,DEP,3876,0,0,0,0,0,0,0,1,0,10,194,1439,1289,427,177,97,62,44,27,22,19,11,10,7,5,35,1633,1289,427,274,1716,3623
SBBR,2022-04,DEP,3550,0,0,0,0,0,1,0,0,1,16,165,1070,1091,499,195,158,97,78,45,35,23,19,11,10,4,32,1235,1091,499,353,1590,3178
SBBR,2022-05,DEP,3914,1,0,0,1,0,0,1,0,0,9,168,1312,1216,497,244,141,95,46,37,34,20,10,7,11,8,56,1480,1216,497,385,1713,3578
SBBR,2022-06,DEP,3737,3,0,0,0,2,2,3,2,1,10,134,1311,1204,457,212,124,84,51,23,19,22,19,10,8,4,32,1445,1204,457,336,1661,3442
SBBR,2022-07,DEP,4625,0,0,0,0,1,1,2,1,3,4,134,1194,1399,763,430,215,139,97,62,39,30,22,16,9,12,52,1328,1399,763,645,2162,4135
SBBR,2022-08,DEP,4468,0,0,0,0,0,0,2,2,0,12,145,1160,1365,681,350,238,133,112,64,58,37,22,13,14,3,57,1305,1365,681,588,2046,3939
SBBR,2022-09,DEP,4328,0,0,0,0,0,2,3,1,0,11,173,1137,1320,651,340,222,135,83,59,34,29,18,19,14,18,59,1310,1320,651,562,1971,3843
SBBR,2022-10,DEP,4486,0,0,1,1,4,2,4,2,2,19,166,1153,1363,609,341,213,160,100,86,65,33,25,20,19,9,89,1319,1363,609,554,1972,3845
SBBR,2022-11,DEP,4415,0,0,0,0,0,0,0,2,1,13,97,785,1214,655,405,281,188,155,113,93,86,58,53,32,15,169,882,1214,655,686,1869,3437
SBBR,2022-12,DEP,4671,1,0,0,0,0,0,0,1,1,11,110,914,1173,660,433,321,213,176,133,98,73,54,44,30,32,193,1024,1173,660,754,1833,3611
SBBR,2023-01,DEP,4638,2,0,0,0,0,0,0,3,2,13,116,922,1351,673,374,268,205,147,108,87,71,71,41,37,20,127,1038,1351,673,642,2024,3704
SBBR,2023-02,DEP,4106,1,0,0,0,0,0,1,1,4,17,175,1024,1256,540,308,188,136,92,86,59,38,32,31,22,13,82,1199,1256,540,496,1796,3491
SBCF,2019-01,ARR,4185,0,0,0,1,2,0,15,47,182,463,684,673,610,406,291,192,151,95,68,60,38,34,27,23,16,107,1357,610,406,483,1016,2856
SBCF,2019-02,ARR,3774,0,0,0,1,3,3,9,45,122,345,579,595,535,375,287,220,144,110,74,64,48,33,33,37,14,98,1174,535,375,507,910,2591
SBCF,2019-03,ARR,3983,0,0,0,2,2,6,18,78,241,529,723,687,486,339,219,147,105,69,49,41,36,24,17,16,21,128,1410,486,339,366,825,2601
SBCF,2019-04,ARR,3832,0,0,0,0,0,2,19,70,227,451,641,630,525,371,246,194,107,69,54,45,33,18,11,12,15,92,1271,525,371,440,896,2607
SBCF,2019-05,ARR,3991,2,0,3,1,1,2,16,85,317,565,732,686,554,309,200,122,78,68,49,33,20,22,15,8,14,89,1418,554,309,322,863,2603
SBCF,2019-06,ARR,3951,0,0,0,0,0,2,23,88,261,510,733,683,587,352,215,131,78,49,48,37,32,21,19,12,8,62,1416,587,352,346,939,2701
SBCF,2019-07,ARR,4492,0,0,0,0,1,5,11,87,252,518,825,829,581,417,268,179,144,85,61,51,34,23,24,12,9,76,1654,581,417,447,998,3099
SBCF,2019-08,ARR,4276,0,0,0,0,2,3,14,69,222,454,684,754,645,473,318,211,109,79,55,38,31,26,12,13,7,57,1438,645,473,529,1118,3085
SBCF,2019-09,ARR,4104,0,0,0,1,3,3,12,61,194,413,616,678,622,420,302,178,147,108,63,54,46,28,25,18,11,101,1294,622,420,480,1042,2816
SBCF,2019-10,ARR,4263,0,0,0,0,0,2,9,51,166,397,602,704,626,489,311,215,155,118,87,64,52,35,25,18,13,124,1306,626,489,526,1115,2947
SBCF,2019-11,ARR,3981,0,0,0,1,2,3,9,53,145,334,527,626,622,472,279,203,168,129,100,58,43,26,32,16,17,116,1153,622,472,482,1094,2729
SBCF,2019-12,ARR,4245,0,0,0,1,1,1,11,61,149,319,554,677,584,466,338,262,195,114,95,86,55,52,29,26,23,146,1231,584,466,600,1050,2881
SBCF,2020-01,ARR,4429,10,5,2,1,6,4,20,72,201,400,584,710,642,430,308,245,166,127,86,68,64,53,26,31,27,141,1294,642,430,553,1072,2919
SBCF,2020-02,ARR,3814,1,0,2,2,1,9,20,72,253,532,647,592,480,310,217,163,94,89,61,53,28,28,30,26,18,86,1239,480,310,380,790,2409
SBCF,2020-03,ARR,2858,0,0,1,2,5,6,19,93,268,447,555,494,333,213,112,88,49,34,18,17,15,15,11,8,8,47,1049,333,213,200,546,1795
SBCF,2020-04,ARR,297,0,0,0,0,0,1,3,17,34,46,35,40,31,24,18,17,9,1,4,2,0,1,0,1,1,12,75,31,24,35,55,165
SBCF,2020-05,ARR,359,0,0,0,0,0,1,7,21,40,63,60,57,36,15,13,6,2,9,3,2,3,1,0,0,1,19,117,36,15,19,51,187
SBCF,2020-06,ARR,457,1,0,0,0,1,4,2,30,65,85,76,80,44,13,12,14,7,3,3,4,1,1,1,0,1,9,156,44,13,26,57,239
SBCF,2020-07,ARR,716,1,0,0,0,3,5,11,43,115,146,135,89,66,26,17,13,8,6,4,1,0,2,1,0,1,23,224,66,26,30,92,346
SBCF,2020-08,ARR,1043,1,0,1,0,1,4,19,76,154,187,225,153,98,40,29,11,11,2,6,1,1,1,0,2,3,17,378,98,40,40,138,556
SBCF,2020-09,ARR,1361,0,0,0,1,0,4,5,49,124,238,265,273,172,88,46,32,24,6,6,3,3,3,2,2,1,14,538,172,88,78,260,876
SBCF,2020-10,ARR,1819,2,0,0,0,0,2,7,56,153,290,386,320,229,131,81,61,22,15,9,11,9,5,6,1,3,20,706,229,131,142,360,1208
SBCF,2020-11,ARR,2236,0,0,0,0,0,1,11,36,146,301,363,390,273,221,128,94,68,55,29,23,11,13,9,8,9,47,753,273,221,222,494,1469
SBCF,2020-12,ARR,2749,0,0,0,0,1,5,10,69,222,399,480,455,334,222,146,114,50,51,35,33,21,14,15,9,13,51,935,334,222,260,556,1751
SBCF,2021-01,ARR,3035,2,1,0,0,0,3,23,96,239,474,608,516,370,226,138,88,65,45,21,20,20,5,4,7,11,53,1124,370,226,226,596,1946
SBCF,2021-02,ARR,2129,1,0,0,0,1,2,10,62,199,408,433,357,263,141,80,57,24,15,16,11,10,6,3,8,4,18,790,263,141,137,404,1331
SBCF,2021-03,ARR,2161,0,0,0,1,1,1,10,81,242,409,508,348,229,126,59,45,18,20,14,10,4,5,3,3,2,22,856,229,126,104,355,1315
SBCF,2021-04,ARR,1683,0,0,2,2,2,3,15,65,181,338,428,277,155,67,43,32,23,10,6,6,8,3,0,1,3,13,705,155,67,75,222,1002
SBCF,2021-05,ARR,1932,0,2,1,4,0,5,23,63,192,361,459,355,199,123,47,23,20,9,12,5,6,5,4,2,0,12,814,199,123,70,322,1206
SBCF,2021-06,ARR,2127,0,0,1,1,3,7,11,49,171,323,461,415,281,153,102,55,26,19,10,4,4,8,4,4,1,14,876,281,153,157,434,1467
SBCF,2021-07,ARR,2775,0,0,1,2,1,4,6,55,184,468,598,531,366,195,115,73,46,23,22,12,17,5,7,3,7,34,1129,366,195,188,561,1878
SBCF,2021-08,ARR,2816,2,0,0,0,2,5,18,79,221,547,704,517,308,152,87,45,30,17,11,5,9,7,5,4,5,36,1221,308,152,132,460,1813
SBCF,2021-09,ARR,2974,0,0,0,1,2,1,13,55,248,498,682,601,323,205,101,66,44,31,19,15,9,7,8,5,4,36,1283,323,205,167,528,1978
SBCF,2021-10,ARR,3055,2,1,1,0,3,0,9,46,171,403,599,581,386,274,165,107,64,56,31,32,19,17,8,7,11,62,1180,386,274,272,660,2112
SBCF,2021-11,ARR,2938,0,0,0,0,3,2,4,29,110,277,475,497,387,304,186,147,111,78,47,41,41,18,17,19,10,135,972,387,304,333,691,1996
SBCF,2021-12,ARR,3618,0,0,0,1,0,2,8,34,94,339,523,568,484,395,293,201,149,113,78,77,42,33,36,26,16,106,1091,484,395,494,879,2464
SBCF,2022-01,ARR,3427,1,0,2,0,1,5,12,28,105,308,546,581,500,359,242,179,130,99,55,57,40,35,21,16,16,89,1127,500,359,421,859,2407
SBCF,2022-02,ARR,2769,0,0,0,0,0,2,11,47,189,508,617,484,378,181,113,61,45,37,23,12,12,8,6,5,3,27,1101,378,181,174,559,1834
SBCF,2022-03,ARR,3242,1,1,0,1,0,5,15,62,255,573,699,626,409,199,127,70,52,33,21,15,11,13,5,6,5,38,1325,409,199,197,608,2130
SBCF,2022-04,ARR,3380,2,0,0,0,2,3,18,59,259,562,705,652,426,243,113,101,58,35,32,15,17,7,14,5,5,47,1357,426,243,214,669,2240
SBCF,2022-05,ARR,3722,0,0,1,0,1,2,18,74,254,557,758,688,517,288,153,96,69,48,26,29,19,20,14,5,9,76,1446,517,288,249,805,2500
SBCF,2022-06,ARR,3596,1,0,0,2,0,3,13,86,286,556,764,659,463,262,154,90,66,40,29,24,17,11,12,12,2,44,1423,463,262,244,725,2392
SBCF,2022-07,ARR,4102,0,0,0,0,2,8,23,95,252,510,846,799,512,344,212,140,98,60,42,31,22,16,11,13,7,59,1645,512,344,352,856,2853
SBCF,2022-08,ARR,3896,0,0,0,1,0,5,27,69,217,533,781,685,501,306,253,141,94,59,53,37,23,23,18,7,4,59,1466,501,306,394,807,2667
SBCF,2022-09,ARR,3813,0,0,0,1,1,2,13,63,241,561,746,680,486,283,192,147,91,66,37,41,25,14,17,9,13,84,1426,486,283,339,769,2534
SBCF,2022-10,ARR,4010,0,0,1,1,2,5,15,82,231,540,762,736,482,315,235,143,104,74,55,39,25,29,27,9,10,88,1498,482,315,378,797,2673
SBCF,2022-11,ARR,3741,0,0,0,1,3,7,15,43,166,383,566,644,538,358,247,155,125,90,65,61,46,41,30,22,19,116,1210,538,358,402,896,2508
SBCF,2022-12,ARR,3997,0,0,0,0,0,4,7,47,131,384,610,666,539,364,288,205,144,106,84,72,58,47,31,25,24,161,1276,539,364,493,903,2672
SBCF,2023-01,ARR,3985,1,0,0,0,0,2,6,44,151,347,561,679,594,440,301,203,150,98,79,54,53,34,29,23,19,117,1240,594,440,504,1034,2778
SBCF,2023-02,ARR,3581,0,0,0,0,1,1,10,47,146,354,599,626,476,337,227,173,129,88,81,52,37,36,24,13,21,103,1225,476,337,400,813,2438
SBCF,2019-01,DEP,4184,5,1,0,0,0,0,0,0,1,8,91,651,1178,803,422,256,191,117,90,67,49,40,32,37,22,123,742,1178,803,678,1981,3401
SBCF,2019-02,DEP,3798,4,0,0,0,0,0,2,1,1,7,83,560,965,666,424,241,196,140,94,71,58,50,32,27,31,145,643,965,666,665,1631,2939
SBCF,2019-03,DEP,3998,0,0,0,0,0,0,0,1,0,13,140,831,1140,713,348,200,144,77,65,47,37,35,24,26,13,144,971,1140,713,548,1853,3372
SBCF,2019-04,DEP,3860,0,0,1,0,0,0,0,0,2,5,77,643,1100,726,397,255,169,111,80,45,36,37,32,12,8,124,720,1100,726,652,1826,3198
SBCF,2019-05,DEP,4020,1,0,0,0,0,0,0,0,1,7,115,847,1181,728,370,191,124,83,62,36,42,32,34,24,13,129,962,1181,728,561,1909,3432
SBCF,2019-06,DEP,3975,0,1,0,0,0,0,0,0,0,3,76,801,1174,822,404,204,132,79,48,51,22,25,24,19,14,76,877,1174,822,608,1996,3481
SBCF,2019-07,DEP,4508,2,0,0,0,0,0,1,0,0,6,58,686,1278,1004,515,318,180,114,72,59,45,34,28,15,14,79,744,1278,1004,833,2282,3859
SBCF,2019-08,DEP,4283,0,0,0,0,0,0,0,0,1,3,109,889,1327,761,452,210,139,103,64,40,31,22,19,20,10,83,998,1327,761,662,2088,3748
SBCF,2019-09,DEP,4125,0,0,0,0,0,0,0,1,3,5,107,835,1249,611,361,263,161,121,91,49,46,32,27,26,16,121,942,1249,611,624,1860,3426
SBCF,2019-10,DEP,4269,0,0,0,1,0,0,0,0,0,3,85,768,1228,709,428,267,208,111,85,67,53,40,30,30,15,141,853,1228,709,695,1937,3485
SBCF,2019-11,DEP,3988,0,1,0,0,0,1,0,0,1,1,115,773,1099,628,371,234,168,121,100,65,47,44,29,20,17,153,888,1099,628,605,1727,3220
SBCF,2019-12,DEP,4260,0,0,0,0,0,0,0,0,0,8,89,663,1043,714,488,336,217,156,112,66,57,60,38,25,29,159,752,1043,714,824,1757,3333
SBCF,2020-01,DEP,4468,8,3,1,0,1,0,0,0,0,9,118,750,1149,731,453,305,226,152,113,80,65,36,45,33,27,163,868,1149,731,758,1880,3506
SBCF,2020-02,DEP,3828,1,0,0,0,0,0,0,0,2,23,245,887,1050,515,323,194,124,86,55,45,36,39,21,18,25,139,1132,1050,515,517,1565,3214
SBCF,2020-03,DEP,2838,0,0,0,0,0,0,0,0,2,20,223,846,860,346,167,103,74,33,36,28,17,6,7,9,9,52,1069,860,346,270,1206,2545
SBCF,2020-04,DEP,299,0,0,0,0,0,0,1,0,0,11,63,96,70,25,8,9,1,6,1,1,0,3,0,0,1,3,159,70,25,17,95,271
SBCF,2020-05,DEP,360,0,0,0,0,0,0,0,1,1,19,70,91,83,33,20,10,10,5,4,2,2,1,1,1,0,6,161,83,33,30,116,307
SBCF,2020-06,DEP,449,0,0,0,0,0,0,0,1,1,7,77,134,110,40,20,14,9,7,5,2,2,0,0,0,1,19,211,110,40,34,150,395
SBCF,2020-07,DEP,714,0,0,0,0,0,0,0,0,0,12,110,247,169,74,40,11,11,5,5,6,4,1,4,0,0,15,357,169,74,51,243,651
SBCF,2020-08,DEP,1045,0,0,0,0,0,0,0,0,0,10,203,423,245,73,40,11,11,4,0,3,1,1,1,2,1,16,626,245,73,51,318,995
SBCF,2020-09,DEP,1358,1,0,0,0,0,0,0,0,6,16,214,487,357,125,69,28,15,9,6,6,4,0,1,2,1,11,701,357,125,97,482,1280
SBCF,2020-10,DEP,1845,0,0,0,0,0,0,2,1,1,11,205,576,571,208,102,44,36,24,14,11,4,3,5,5,1,21,781,571,208,146,779,1706
SBCF,2020-11,DEP,2244,0,0,0,0,0,1,1,0,2,6,135,528,652,331,196,117,56,48,27,19,11,14,11,9,8,72,663,652,331,313,983,1959
SBCF,2020-12,DEP,2750,0,0,0,0,1,0,4,5,3,14,172,739,826,391,188,116,66,46,34,31,19,13,10,5,12,55,911,826,391,304,1217,2432
SBCF,2021-01,DEP,3051,1,0,0,0,0,1,1,4,3,23,293,865,875,380,195,128,58,45,29,33,18,16,10,10,4,59,1158,875,380,323,1255,2736
SBCF,2021-02,DEP,2147,0,0,1,1,0,1,0,2,0,22,230,732,664,230,95,53,35,18,12,15,3,6,4,5,5,13,962,664,230,148,894,2004
SBCF,2021-03,DEP,2167,1,0,0,0,0,0,0,0,3,22,274,793,625,209,94,52,29,14,9,5,7,8,0,2,2,18,1067,625,209,146,834,2047
SBCF,2021-04,DEP,1690,0,0,0,0,0,1,2,0,2,15,246,648,479,140,64,30,15,7,9,3,1,2,3,1,2,20,894,479,140,94,619,1607
SBCF,2021-05,DEP,1950,0,0,0,0,0,1,0,3,2,17,256,739,582,203,67,25,20,7,6,2,6,3,1,1,1,8,995,582,203,92,785,1872
SBCF,2021-06,DEP,2162,0,0,0,0,0,0,0,0,5,22,229,750,668,231,102,55,28,22,6,3,3,4,6,4,2,22,979,668,231,157,899,2035
SBCF,2021-07,DEP,2792,0,0,0,0,0,0,0,0,0,14,228,822,934,347,176,96,45,29,24,11,6,9,9,4,5,33,1050,934,347,272,1281,2603
SBCF,2021-08,DEP,2820,1,1,0,1,1,2,0,0,1,20,381,1042,791,270,109,52,35,26,18,9,11,6,4,6,3,30,1423,791,270,161,1061,2645
SBCF,2021-09,DEP,3036,0,0,0,0,0,0,0,0,3,33,327,1052,946,297,139,63,48,29,13,13,10,11,5,7,3,37,1379,946,297,202,1243,2824
SBCF,2021-10,DEP,3155,2,0,0,0,0,1,1,2,1,13,185,861,983,443,217,107,66,55,37,38,18,20,9,9,16,71,1046,983,443,324,1426,2796
SBCF,2021-11,DEP,2982,1,0,0,1,0,1,0,0,1,4,150,592,800,435,276,150,139,65,60,49,29,25,24,18,12,150,742,800,435,426,1235,2403
SBCF,2021-12,DEP,3690,0,0,0,0,0,0,1,0,0,7,93,607,939,613,381,255,175,122,93,78,60,48,25,29,24,140,700,939,613,636,1552,2888
SBCF,2022-01,DEP,3457,0,0,0,0,0,0,0,2,1,5,77,610,991,645,334,201,135,104,88,53,29,23,24,14,21,100,687,991,645,535,1636,2858
SBCF,2022-02,DEP,2779,0,1,0,0,0,0,0,1,2,7,166,926,956,300,131,65,53,46,30,12,11,10,10,5,10,37,1092,956,300,196,1256,2544
SBCF,2022-03,DEP,3246,0,1,0,0,0,0,1,0,1,11,223,1161,1045,349,141,85,53,47,27,11,13,9,11,5,7,45,1384,1045,349,226,1394,3004
SBCF,2022-04,DEP,3389,1,0,0,1,0,0,0,0,0,12,197,1139,1097,393,184,89,57,45,36,21,19,16,7,12,9,54,1336,1097,393,273,1490,3099
SBCF,2022-05,DEP,3729,1,0,0,0,0,1,0,0,0,24,258,1272,1138,395,179,106,78,51,31,33,21,16,9,11,9,96,1530,1138,395,285,1533,3348
SBCF,2022-06,DEP,3612,0,0,0,0,1,0,0,0,0,24,243,1224,1137,404,187,101,65,54,29,18,17,12,13,8,9,66,1467,1137,404,288,1541,3296
SBCF,2022-07,DEP,4120,0,0,0,0,0,0,0,1,1,14,204,1234,1355,543,249,140,91,68,37,36,35,21,14,9,7,61,1438,1355,543,389,1898,3725
SBCF,2022-08,DEP,3896,0,0,0,0,0,0,0,0,1,13,192,1112,1254,513,248,160,103,78,49,34,24,24,10,19,12,50,1304,1254,513,408,1767,3479
SBCF,2022-09,DEP,3848,1,0,0,0,0,0,0,2,0,14,202,1102,1258,466,231,155,88,66,41,35,27,29,21,8,13,89,1304,1258,466,386,1724,3414
SBCF,2022-10,DEP,4031,0,0,0,0,0,0,0,0,2,21,206,1132,1226,529,283,174,110,65,50,39,40,28,14,10,12,90,1338,1226,529,457,1755,3550
SBCF,2022-11,DEP,3788,0,0,0,0,0,0,1,0,2,11,134,758,1150,550,315,221,133,102,78,60,37,41,29,27,16,123,892,1150,550,536,1700,3128
SBCF,2022-12,DEP,4029,0,0,0,0,0,0,1,3,4,5,113,672,1120,683,368,243,165,126,96,61,56,40,40,35,30,168,785,1120,683,611,1803,3199
SBCF,2023-01,DEP,4036,0,0,0,0,0,0,0,1,2,11,126,732,1174,648,379,231,184,98,88,60,50,42,35,24,14,137,858,1174,648,610,1822,3290
SBCF,2023-02,DEP,3612,0,0,0,0,0,0,0,1,0,19,152,772,1101,531,280,183,127,84,69,60,43,30,26,18,10,106,924,1101,531,463,1632,3019
SBGR,2019-01,ARR,12490,34,24,30,27,49,100,271,468,846,1167,1377,1367,1265,993,823,655,556,419,354,257,181,155,159,129,101,683,2744,1265,993,1478,2258,6480
SBGR,2019-02,ARR,10880,32,12,17,40,72,146,254,542,834,1218,1328,1233,1123,887,678,520,364,298,212,182,149,98,89,72,52,428,2561,1123,887,1198,2010,5769
SBGR,2019-03,ARR,11460,26,13,25,37,74,151,318,613,1025,1385,1534,1365,1069,864,598,494,351,263,184,157,126,92,88,69,49,490,2899,1069,864,1092,1933,5924
SBGR,2019-04,ARR,10667,12,4,15,21,45,105,266,523,890,1308,1475,1339,1114,798,634,461,358,248,164,158,102,102,63,56,46,360,2814,1114,798,1095,1912,5821
SBGR,2019-05,ARR,9922,12,8,15,40,85,192,431,746,1186,1542,1415,1199,876,571,374,308,170,147,108,84,77,39,33,32,21,211,2614,876,571,682,1447,4743
SBGR,2019-06,ARR,9918,6,4,20,35,57,156,296,654,1191,1545,1519,1277,922,614,421,273,176,143,89,70,56,44,42,32,29,247,2796,922,614,694,1536,5026
SBGR,2019-07,ARR,11678,8,9,16,36,67,149,289,633,1071,1559,1785,1549,1223,793,598,467,298,223,169,114,94,59,58,45,38,328,3334,1223,793,1065,2016,6415
SBGR,2019-08,ARR,11598,14,6,15,55,94,186,345,615,1099,1605,1752,1636,1248,868,579,373,270,186,121,92,72,56,46,34,22,209,3388,1248,868,952,2116,6456
SBGR,2019-09,ARR,11352,10,10,23,40,88,166,320,510,911,1458,1606,1564,1282,911,648,446,312,227,151,104,98,54,57,56,45,255,3170,1282,911,1094,2193,6457
SBGR,2019-10,ARR,11581,7,7,17,36,65,132,258,549,1019,1509,1720,1544,1281,896,646,470,321,224,159,138,83,77,43,41,30,309,3264,1281,896,1116,2177,6557
SBGR,2019-11,ARR,11207,9,12,27,34,92,160,336,652,1028,1443,1510,1327,1106,828,545,444,316,249,181,157,124,74,65,67,44,377,2837,1106,828,989,1934,5760
SBGR,2019-12,ARR,12638,8,7,17,32,64,120,307,543,921,1394,1570,1493,1262,974,791,643,423,355,296,250,170,146,115,103,66,568,3063,1262,974,1434,2236,6733
SBGR,2020-01,ARR,12881,3,4,15,26,66,140,328,632,1070,1456,1646,1602,1263,1062,763,600,422,341,246,195,167,122,103,67,62,480,3248,1263,1062,1363,2325,6936
SBGR,2020-02,ARR,11311,13,13,18,37,78,172,363,606,1102,1349,1502,1366,1155,830,618,439,349,237,171,155,76,102,76,60,46,378,2868,1155,830,1057,1985,5910
SBGR,2020-03,ARR,8916,8,11,17,40,84,169,379,688,1152,1359,1337,1073,764,524,395,235,147,102,72,62,44,22,21,17,13,181,2410,764,524,630,1288,4328
SBGR,2020-04,ARR,1389,11,4,3,6,21,51,127,171,215,203,142,104,81,36,32,32,20,15,11,10,10,7,5,7,4,61,246,81,36,64,117,427
SBGR,2020-05,ARR,1710,7,1,5,6,21,33,63,137,208,230,236,193,142,106,60,56,21,26,19,12,11,12,7,9,2,87,429,142,106,116,248,793
SBGR,2020-06,ARR,2124,11,3,12,13,18,41,58,171,290,302,316,276,168,109,98,55,45,22,17,17,8,6,5,8,4,51,592,168,109,153,277,1022
SBGR,2020-07,ARR,3335,23,11,13,33,46,104,245,343,479,561,458,368,226,125,70,40,33,21,16,9,16,7,7,4,3,74,826,226,125,110,351,1287
SBGR,2020-08,ARR,4397,14,5,15,30,37,74,170,347,537,754,737,594,370,230,136,82,55,31,22,9,15,10,8,10,9,96,1331,370,230,218,600,2149
SBGR,2020-09,ARR,5278,12,7,13,17,45,104,200,401,726,926,919,666,444,240,160,115,70,32,26,21,12,11,11,6,8,86,1585,444,240,275,684,2544
SBGR,2020-10,ARR,6452,24,10,5,16,33,83,168,383,718,1100,1133,861,632,400,248,151,115,61,39,40,28,18,15,23,21,127,1994,632,400,399,1032,3425
SBGR,2020-11,ARR,6894,19,6,12,19,46,95,173,417,675,988,1127,953,652,472,329,221,161,117,71,58,54,31,23,10,20,145,2080,652,472,550,1124,3754
SBGR,2020-12,ARR,8158,21,5,3,16,46,118,249,541,908,1216,1107,905,690,513,366,272,217,163,152,108,87,70,56,51,33,245,2012,690,513,638,1203,3853
SBGR,2021-01,ARR,8270,29,9,9,13,38,98,326,664,1138,1392,1224,904,696,459,331,205,143,116,81,62,47,37,35,22,22,170,2128,696,459,536,1155,3819
SBGR,2021-02,ARR,6338,17,10,9,14,29,111,251,550,931,1097,1002,740,472,264,220,147,99,67,54,45,13,24,18,20,14,120,1742,472,264,367,736,2845
SBGR,2021-03,ARR,5541,39,8,17,30,55,141,326,597,861,1031,845,529,331,212,129,91,65,39,26,27,19,10,13,5,10,85,1374,331,212,220,543,2137
SBGR,2021-04,ARR,4481,26,10,9,24,40,75,183,357,648,844,752,491,313,169,114,81,75,43,35,29,19,15,19,10,10,90,1243,313,169,195,482,1920
SBGR,2021-05,ARR,5591,22,6,14,28,51,106,211,420,679,950,929,688,455,272,202,128,84,71,48,32,23,21,13,19,5,114,1617,455,272,330,727,2674
SBGR,2021-06,ARR,6287,11,2,11,30,59,102,219,422,684,987,1033,855,603,356,266,179,89,78,55,27,27,21,11,12,11,137,1888,603,356,445,959,3292
SBGR,2021-07,ARR,8037,14,3,15,23,28,62,183,448,883,1320,1341,1195,780,484,331,197,137,102,66,53,44,35,27,30,15,221,2536,780,484,528,1264,4328
SBGR,2021-08,ARR,7799,12,13,20,21,38,81,181,473,1017,1323,1378,1039,679,427,279,184,120,96,68,48,40,32,27,23,13,167,2417,679,427,463,1106,3986
SBGR,2021-09,ARR,7021,9,3,10,7,17,47,107,319,733,1297,1364,1047,685,420,263,151,139,86,47,44,36,27,18,14,12,119,2411,685,420,414,1105,3930
SBGR,2021-10,ARR,7160,1,0,3,12,24,39,102,295,654,1119,1254,1112,758,518,334,229,147,109,86,49,42,28,28,27,15,175,2366,758,518,563,1276,4205
SBGR,2021-11,ARR,9027,4,5,15,11,33,74,136,295,595,854,1135,1214,1047,829,619,457,353,287,226,154,115,82,58,51,38,340,2349,1047,829,1076,1876,5301
SBGR,2021-12,ARR,9806,4,1,8,17,34,64,179,319,598,938,1089,1164,1029,868,646,495,417,322,271,212,165,126,105,96,69,570,2253,1029,868,1141,1897,5291
SBGR,2022-01,ARR,9595,15,12,16,37,50,119,247,517,814,1130,1283,1260,974,726,517,353,306,232,189,133,100,83,64,52,38,328,2543,974,726,870,1700,5113
SBGR,2022-02,ARR,8034,18,8,13,21,62,116,251,550,963,1235,1284,1060,761,482,313,201,164,86,90,72,40,27,17,25,13,162,2344,761,482,514,1243,4101
SBGR,2022-03,ARR,8898,16,10,13,27,64,126,306,597,1055,1307,1354,1144,823,545,364,260,183,136,86,84,56,52,28,27,24,211,2498,823,545,624,1368,4490
SBGR,2022-04,ARR,8156,12,11,11,21,54,123,316,632,979,1273,1235,1018,698,463,301,231,183,104,95,61,47,26,35,27,27,173,2253,698,463,532,1161,3946
SBGR,2022-05,ARR,8806,10,12,14,36,58,118,248,550,977,1267,1414,1188,840,556,384,268,165,140,109,72,58,37,31,20,25,209,2602,840,556,652,1396,4650
SBGR,2022-06,ARR,8584,5,3,9,25,40,82,192,443,844,1219,1468,1238,890,537,364,253,174,125,110,71,59,43,40,42,33,275,2706,890,537,617,1427,4750
SBGR,2022-07,ARR,10355,19,4,6,21,37,81,183,371,821,1417,1669,1570,1156,825,521,374,237,181,139,109,83,76,64,40,26,325,3239,1156,825,895,1981,6115
SBGR,2022-08,ARR,10210,30,11,17,34,64,96,188,434,836,1279,1647,1446,1108,804,557,406,262,186,143,129,81,52,59,32,39,270,3093,1108,804,963,1912,5968
SBGR,2022-09,ARR,9736,12,3,11,27,32,87,159,420,820,1340,1601,1504,1044,739,462,362,225,185,133,92,81,63,30,34,28,242,3105,1044,739,824,1783,5712
SBGR,2022-10,ARR,10035,15,4,23,35,49,102,174,373,790,1237,1566,1451,1129,749,571,363,276,201,170,147,97,74,46,45,39,309,3017,1129,749,934,1878,5829
SBGR,2022-11,ARR,9746,15,6,21,46,73,135,255,451,795,1156,1343,1260,1023,727,556,382,276,235,172,128,119,78,66,51,44,333,2603,1023,727,938,1750,5291
SBGR,2022-12,ARR,10739,9,2,12,14,43,92,197,436,817,1328,1490,1402,1110,838,647,471,351,259,230,152,136,102,70,63,59,409,2892,1110,838,1118,1948,5958
SBGR,2023-01,ARR,11006,10,6,11,30,70,100,205,443,863,1343,1555,1520,1241,904,638,449,367,231,197,163,112,100,75,49,24,300,3075,1241,904,1087,2145,6307
SBGR,2023-02,ARR,9178,14,7,11,18,39,71,167,349,680,1124,1327,1238,1044,734,513,410,293,220,164,128,101,79,56,54,31,306,2565,1044,734,923,1778,5266
SBGR,2019-01,DEP,12718,5,5,4,1,2,1,3,3,12,73,390,1726,2856,2084,1355,853,654,503,356,299,207,182,140,147,98,759,2116,2856,2084,2208,4940,9264
SBGR,2019-02,DEP,11026,9,2,2,0,0,1,4,4,11,78,454,1622,2841,1872,1129,759,478,359,245,197,137,110,100,72,70,470,2076,2841,1872,1888,4713,8677
SBGR,2019-03,DEP,11527,1,0,0,0,2,1,2,7,15,82,529,1962,3021,1820,1071,678,493,337,224,177,145,105,104,81,87,583,2491,3021,1820,1749,4841,9081
SBGR,2019-04,DEP,10664,0,0,0,0,0,0,0,2,3,86,472,1836,2876,1831,1053,674,464,258,194,184,130,90,71,46,57,337,2308,2876,1831,1727,4707,8742
SBGR,2019-05,DEP,9966,1,0,0,1,1,1,0,2,12,106,678,2532,3105,1431,706,387,242,153,99,79,59,46,43,29,28,225,3210,3105,1431,1093,4536,8839
SBGR,2019-06,DEP,9977,0,0,0,0,0,0,0,1,17,105,659,2334,3050,1496,782,468,284,148,107,78,41,52,50,32,24,249,2993,3050,1496,1250,4546,8789
SBGR,2019-07,DEP,11718,3,0,1,0,1,0,1,3,26,108,616,2357,3446,1899,971,604,415,265,199,142,101,74,54,50,39,343,2973,3446,1899,1575,5345,9893
SBGR,2019-08,DEP,11632,4,0,0,0,0,0,2,9,21,117,769,2535,3475,1842,942,591,381,239,142,106,74,60,41,36,39,207,3304,3475,1842,1533,5317,10154
SBGR,2019-09,DEP,11375,0,0,0,0,1,1,3,9,27,110,583,2277,3358,1802,994,604,426,261,188,135,92,80,53,47,43,281,2860,3358,1802,1598,5160,9618
SBGR,2019-10,DEP,11614,4,0,0,3,1,3,9,15,25,129,701,2283,3351,1765,1003,650,451,272,198,162,104,77,63,45,37,263,2984,3351,1765,1653,5116,9753
SBGR,2019-11,DEP,11328,1,0,0,1,1,1,4,10,31,105,598,2054,3018,1765,1028,677,447,311,239,185,146,85,70,82,48,421,2652,3018,1765,1705,4783,9140
SBGR,2019-12,DEP,12687,2,1,0,1,0,1,4,5,25,86,498,1745,2927,1995,1302,930,669,497,372,304,220,156,127,133,87,600,2243,2927,1995,2232,4922,9397
SBGR,2020-01,DEP,13002,11,8,1,1,3,2,0,4,16,116,719,2359,3285,1884,1191,774,565,381,319,212,186,132,112,102,71,548,3078,3285,1884,1965,5169,10212
SBGR,2020-02,DEP,11372,2,0,1,1,1,3,0,3,10,124,855,2373,2800,1555,932,607,460,332,231,156,144,128,88,71,58,437,3228,2800,1555,1539,4355,9122
SBGR,2020-03,DEP,8878,6,1,1,0,3,3,2,5,13,123,951,2486,2503,1108,559,334,195,122,89,62,50,33,29,24,17,159,3437,2503,1108,893,3611,7941
SBGR,2020-04,DEP,1423,4,0,2,1,1,2,3,3,6,53,250,417,282,148,62,26,27,21,7,17,7,8,7,3,3,63,667,282,148,88,430,1185
SBGR,2020-05,DEP,1693,3,0,1,1,2,2,1,3,6,21,225,420,424,154,118,69,41,39,30,22,11,13,3,7,4,73,645,424,154,187,578,1410
SBGR,2020-06,DEP,2115,2,0,1,2,2,2,2,8,14,56,279,576,467,229,160,89,54,38,26,10,20,11,6,5,5,51,855,467,229,249,696,1800
SBGR,2020-07,DEP,3349,7,0,0,0,0,0,4,11,19,89,532,1052,812,351,156,74,57,26,18,24,14,10,3,5,2,83,1584,812,351,230,1163,2977
SBGR,2020-08,DEP,4452,3,0,2,2,1,1,6,5,17,82,521,1278,1240,512,275,151,93,56,39,33,17,12,5,5,6,90,1799,1240,512,426,1752,3977
SBGR,2020-09,DEP,5275,1,0,0,2,0,2,2,2,12,80,518,1458,1570,670,333,210,113,68,45,25,20,10,12,11,11,100,1976,1570,670,543,2240,4759
SBGR,2020-10,DEP,6456,2,2,1,0,0,0,2,5,14,87,526,1563,2051,885,471,255,146,96,68,42,40,24,16,10,14,136,2089,2051,885,726,2936,5751
SBGR,2020-11,DEP,6919,1,0,1,0,0,0,2,1,2,21,138,883,2535,1260,504,384,339,211,152,113,85,47,27,27,17,169,1021,2535,1260,888,3795,5704
SBGR,2020-12,DEP,8172,2,1,1,0,0,1,2,0,4,7,71,849,2662,1455,631,499,406,350,257,202,142,117,81,58,50,324,920,2662,1455,1130,4117,6167
SBGR,2021-01,DEP,8257,0,0,1,1,0,2,1,4,4,28,116,1719,3330,1278,466,317,266,177,97,76,76,53,34,31,16,164,1835,3330,1278,783,4608,7226
SBGR,2021-02,DEP,6216,3,1,1,1,2,1,4,7,2,39,114,2035,2340,686,223,130,144,132,80,52,30,35,24,16,7,107,2149,2340,686,353,3026,5528
SBGR,2021-03,DEP,5366,0,1,2,2,1,4,5,5,7,64,171,2024,2007,450,136,76,86,86,52,34,22,19,8,10,8,86,2195,2007,450,212,2457,4864
SBGR,2021-04,DEP,4396,0,1,1,2,1,0,3,4,5,43,159,1470,1688,463,124,79,75,76,42,37,11,17,8,3,9,75,1629,1688,463,203,2151,3983
SBGR,2021-05,DEP,5380,3,0,1,2,1,0,3,5,10,71,144,1213,2319,780,207,95,123,125,67,48,20,17,11,7,6,102,1357,2319,780,302,3099,4758
SBGR,2021-06,DEP,6083,13,0,0,1,1,1,4,4,9,43,124,1440,2647,887,206,116,139,138,65,38,24,18,10,17,15,123,1564,2647,887,322,3534,5420
SBGR,2021-07,DEP,7902,8,0,1,1,2,1,1,2,10,49,91,1577,3485,1327,305,138,176,198,137,70,54,29,24,22,19,175,1668,3485,1327,443,4812,6923
SBGR,2021-08,DEP,7794,6,0,2,0,0,1,1,5,5,40,102,1697,3524,1081,322,151,143,190,136,87,50,33,23,33,10,152,1799,3524,1081,473,4605,6877
SBGR,2021-09,DEP,7954,13,2,1,0,0,1,2,4,7,22,89,1488,3718,1247,356,153,155,226,134,81,53,24,24,20,18,116,1577,3718,1247,509,4965,7051
SBGR,2021-10,DEP,8371,4,1,2,1,2,2,2,3,6,27,73,1221,3511,1476,472,232,246,308,186,157,83,41,46,37,20,212,1294,3511,1476,704,4987,6985
SBGR,2021-11,DEP,9134,0,1,0,0,1,1,3,6,4,21,74,1024,2946,1610,604,380,364,475,379,280,203,146,116,61,46,389,1098,2946,1610,984,4556,6638
SBGR,2021-12,DEP,10061,3,0,0,0,1,0,7,1,4,14,56,788,2455,1650,866,529,497,589,444,409,363,232,167,140,107,739,844,2455,1650,1395,4105,6344
SBGR,2022-01,DEP,9673,11,1,1,0,0,1,0,1,4,22,61,1050,3257,1840,745,376,367,433,350,240,165,130,86,73,68,391,1111,3257,1840,1121,5097,7329
SBGR,2022-02,DEP,8063,14,0,0,0,0,0,1,2,3,23,94,1101,3563,1431,464,185,205,265,189,115,72,40,31,29,13,223,1195,3563,1431,649,4994,6838
SBGR,2022-03,DEP,8945,11,0,1,0,1,2,4,3,4,15,90,1183,3872,1538,554,214,232,315,222,149,108,66,50,42,26,243,1273,3872,1538,768,5410,7451
SBGR,2022-04,DEP,8184,4,0,1,1,3,5,1,4,8,37,98,1090,3629,1422,437,175,243,296,204,121,80,54,41,28,23,179,1188,3629,1422,612,5051,6851
SBGR,2022-05,DEP,8845,4,2,1,1,2,1,0,2,5,44,158,926,4160,1442,458,451,331,200,145,96,69,58,47,20,21,201,1084,4160,1442,909,5602,7595
SBGR,2022-06,DEP,8637,8,0,0,0,2,1,4,1,3,34,150,789,4106,1422,459,466,327,198,151,100,63,57,41,25,23,207,939,4106,1422,925,5528,7392
SBGR,2022-07,DEP,10430,14,2,0,1,2,2,2,3,7,45,170,911,4568,1843,600,665,399,283,191,161,103,74,69,34,31,250,1081,4568,1843,1265,6411,8757
SBGR,2022-08,DEP,10254,10,0,1,5,3,1,2,0,3,42,192,817,4198,1880,611,683,434,331,253,174,117,85,59,45,42,266,1009,4198,1880,1294,6078,8381
SBGR,2022-09,DEP,9805,14,1,3,0,1,1,2,6,4,38,169,712,4069,1741,609,648,461,294,233,185,123,81,58,46,35,271,881,4069,1741,1257,5810,7948
SBGR,2022-10,DEP,10087,9,2,1,1,2,3,6,4,1,11,96,780,4083,1832,556,580,446,297,263,236,172,124,89,71,53,369,876,4083,1832,1136,5915,7927
SBGR,2022-11,DEP,9449,1,0,1,0,1,0,1,1,1,22,77,596,3393,1621,596,733,474,355,296,227,206,142,108,87,67,443,673,3393,1621,1329,5014,7016
SBGR,2022-12,DEP,10518,4,0,0,0,0,0,1,1,3,26,97,664,3632,1769,764,856,534,358,359,265,248,186,124,88,69,470,761,3632,1769,1620,5401,7782
SBGR,2023-01,DEP,10948,4,0,0,0,0,0,0,6,6,30,121,583,4189,1980,757,889,501,372,307,259,206,123,106,84,62,363,704,4189,1980,1646,6169,8519
SBGR,2023-02,DEP,9257,4,0,0,0,1,0,2,1,5,33,124,551,3329,1645,635,806,447,330,274,197,160,133,95,64,61,360,675,3329,1645,1441,4974,7090
SBKP,2019-01,ARR,4532,7,2,1,6,8,22,41,117,228,512,681,706,659,460,296,186,143,99,55,48,36,27,29,17,21,125,1387,659,460,482,1119,2988
SBKP,2019-02,ARR,4262,13,0,3,5,8,12,34,61,203,414,635,667,553,455,268,190,143,101,66,50,48,46,38,33,22,194,1302,553,455,458,1008,2768
SBKP,2019-03,ARR,4439,8,8,3,5,12,18,22,99,294,509,751,696,565,400,286,171,122,86,70,43,32,26,21,18,24,150,1447,565,400,457,965,2869
SBKP,2019-04,ARR,4362,3,2,4,7,12,7,27,71,242,468,690,724,614,422,267,179,110,101,58,41,52,22,30,23,18,168,1414,614,422,446,1036,2896
SBKP,2019-05,ARR,4501,6,3,2,7,19,18,40,111,287,600,736,692,567,381,243,156,100,90,65,52,37,32,30,28,23,176,1428,567,381,399,948,2775
SBKP,2019-06,ARR,4412,5,0,1,6,4,21,33,113,289,567,734,718,536,372,310,170,92,78,62,39,40,19,24,19,19,141,1452,536,372,480,908,2840
SBKP,2019-07,ARR,4722,9,2,3,8,11,23,46,133,273,506,753,737,573,438,259,202,147,85,79,41,46,36,20,20,23,249,1490,573,438,461,1011,2962
SBKP,2019-08,ARR,4707,12,3,5,12,19,20,43,111,239,442,712,821,738,491,321,184,113,81,51,37,33,20,16,15,24,144,1533,738,491,505,1229,3267
SBKP,2019-09,ARR,4365,12,2,5,6,12,23,33,75,188,374,606,691,616,451,313,220,163,121,76,54,49,36,31,24,24,160,1297,616,451,533,1067,2897
SBKP,2019-10,ARR,4550,6,0,2,6,8,16,28,58,155,353,596,736,633,468,375,254,172,116,93,60,51,43,30,27,28,236,1332,633,468,629,1101,3062
SBKP,2019-11,ARR,4313,7,5,5,9,7,23,43,98,238,412,595,643,606,418,280,185,155,102,69,68,49,37,40,28,19,172,1238,606,418,465,1024,2727
SBKP,2019-12,ARR,4344,7,2,2,7,14,15,43,110,276,482,631,663,569,412,265,170,151,92,72,58,32,28,37,19,14,173,1294,569,412,435,981,2710
SBKP,2020-01,ARR,4479,1,2,6,7,17,19,56,144,334,574,664,657,500,387,263,208,122,94,69,47,42,35,33,28,20,150,1321,500,387,471,887,2679
SBKP,2020-02,ARR,4143,7,0,3,8,17,44,85,210,386,616,634,575,437,304,195,134,89,70,49,38,38,26,19,18,9,132,1209,437,304,329,741,2279
SBKP,2020-03,ARR,3163,16,3,5,7,15,34,92,209,412,549,520,404,254,159,123,65,46,47,29,27,21,14,8,9,6,89,924,254,159,188,413,1525
SBKP,2020-04,ARR,911,21,5,8,8,15,22,69,106,129,142,111,74,45,26,23,14,13,10,6,3,7,2,1,0,5,46,185,45,26,37,71,293
SBKP,2020-05,ARR,1306,21,11,7,16,21,33,88,127,181,206,184,129,73,44,20,27,16,9,9,7,6,7,4,5,3,52,313,73,44,47,117,477
SBKP,2020-06,ARR,1628,18,6,7,13,18,26,74,127,198,294,278,194,103,59,38,31,16,10,13,9,5,6,9,4,4,68,472,103,59,69,162,703
SBKP,2020-07,ARR,2045,20,8,7,8,14,23,76,164,256,355,344,261,164,83,56,37,24,14,12,18,8,5,4,10,3,71,605,164,83,93,247,945
SBKP,2020-08,ARR,2396,11,5,4,6,14,29,72,180,315,441,391,345,180,116,65,33,30,21,9,13,14,7,6,2,7,80,736,180,116,98,296,1130
SBKP,2020-09,ARR,2741,13,4,7,4,10,15,58,116,278,438,517,439,307,177,84,58,23,23,19,19,11,7,10,8,8,88,956,307,177,142,484,1582
SBKP,2020-10,ARR,3380,15,2,4,10,11,13,27,111,280,482,547,531,445,276,165,116,61,48,39,16,22,14,19,9,7,110,1078,445,276,281,721,2080
SBKP,2020-11,ARR,3834,37,10,4,15,15,25,48,118,277,470,606,582,422,301,201,155,114,78,53,32,38,30,17,19,19,148,1188,422,301,356,723,2267
SBKP,2020-12,ARR,4052,59,12,11,15,22,32,57,129,311,545,655,612,435,329,225,127,89,58,46,38,35,17,21,14,8,150,1267,435,329,352,764,2383
SBKP,2021-01,ARR,4155,55,7,8,8,14,20,42,160,375,614,739,598,462,311,191,120,73,64,39,31,36,29,18,14,15,112,1337,462,311,311,773,2421
SBKP,2021-02,ARR,3513,20,5,7,6,8,16,49,164,334,576,665,561,365,219,140,77,52,37,25,21,12,14,10,14,8,108,1226,365,219,217,584,2027
SBKP,2021-03,ARR,3790,19,4,14,11,18,30,61,192,429,682,717,561,341,197,124,67,51,38,22,22,17,20,18,8,16,111,1278,341,197,191,538,2007
SBKP,2021-04,ARR,3173,20,5,9,7,17,29,70,155,393,580,568,424,322,155,111,69,43,24,21,15,9,10,9,8,10,90,992,322,155,180,477,1649
SBKP,2021-05,ARR,3699,22,4,10,9,22,29,82,198,403,568,699,577,371,245,137,74,36,21,29,17,16,6,6,6,3,109,1276,371,245,211,616,2103
SBKP,2021-06,ARR,3876,17,5,12,7,19,25,54,153,321,531,605,642,453,327,193,131,78,48,29,28,21,16,15,15,4,127,1247,453,327,324,780,2351
SBKP,2021-07,ARR,4271,22,8,7,9,21,25,48,120,260,502,710,751,575,409,253,136,85,56,38,27,24,19,13,11,13,129,1461,575,409,389,984,2834
SBKP,2021-08,ARR,4689,38,10,5,10,14,26,49,157,383,719,959,782,535,306,207,99,68,37,38,34,23,14,15,8,15,138,1741,535,306,306,841,2888
SBKP,2021-09,ARR,4262,23,3,5,10,15,18,48,98,342,595,840,745,536,322,171,81,76,58,35,34,19,20,14,11,10,133,1585,536,322,252,858,2695
SBKP,2021-10,ARR,4196,23,3,6,17,18,27,37,98,237,495,722,689,540,386,262,149,79,70,57,45,35,28,23,17,10,123,1411,540,386,411,926,2748
SBKP,2021-11,ARR,4253,34,2,4,15,11,22,32,72,230,492,626,674,522,351,293,171,143,101,69,55,35,31,21,28,20,199,1300,522,351,464,873,2637
SBKP,2021-12,ARR,4644,23,2,5,1,8,18,39,95,202,409,584,681,598,528,352,279,151,121,84,60,40,39,32,30,20,243,1265,598,528,631,1126,3022
SBKP,2022-01,ARR,3975,24,2,5,9,18,17,41,105,218,422,591,597,460,366,234,173,118,113,76,70,41,26,30,19,20,180,1188,460,366,407,826,2421
SBKP,2022-02,ARR,4066,22,1,6,11,9,39,81,175,421,625,754,681,388,264,150,76,58,36,30,24,20,16,21,10,16,132,1435,388,264,226,652,2313
SBKP,2022-03,ARR,4805,28,4,7,4,20,32,69,180,415,717,913,826,531,305,190,112,77,60,33,33,29,11,11,15,10,173,1739,531,305,302,836,2877
SBKP,2022-04,ARR,4884,17,5,8,18,22,27,54,195,394,780,865,880,544,337,192,106,83,54,39,41,25,21,9,15,15,138,1745,544,337,298,881,2924
SBKP,2022-05,ARR,5398,19,7,13,7,15,31,65,179,391,713,871,895,660,389,227,165,114,100,81,57,47,34,26,35,16,241,1766,660,389,392,1049,3207
SBKP,2022-06,ARR,4690,30,5,13,13,29,17,76,148,419,719,847,649,547,341,187,138,87,68,42,40,26,25,19,22,21,162,1496,547,341,325,888,2709
SBKP,2022-07,ARR,5193,30,3,6,14,13,26,51,153,434,713,898,862,609,434,222,152,93,99,50,43,32,31,26,20,16,163,1760,609,434,374,1043,3177
SBKP,2022-08,ARR,5396,33,4,11,11,25,54,100,279,516,795,895,736,600,364,247,172,120,90,56,40,39,24,28,19,8,130,1631,600,364,419,964,3014
SBKP,2022-09,ARR,5336,27,6,11,20,21,46,91,258,515,809,837,752,533,372,245,166,122,79,65,50,36,30,23,24,19,179,1589,533,372,411,905,2905
SBKP,2022-10,ARR,5522,30,4,4,11,22,35,99,234,512,854,922,756,541,363,251,174,139,100,70,51,53,26,23,26,24,198,1678,541,363,425,904,3007
SBKP,2022-11,ARR,5305,27,3,5,9,14,24,56,171,426,747,965,852,569,407,248,166,129,88,61,45,36,34,27,25,15,156,1817,569,407,414,976,3207
SBKP,2022-12,ARR,5435,32,2,4,10,13,21,49,125,325,632,842,774,631,462,298,244,180,136,101,73,56,63,46,36,29,251,1616,631,462,542,1093,3251
SBKP,2023-01,ARR,5249,35,4,5,12,13,29,61,138,333,639,873,871,594,418,296,199,136,117,77,87,50,37,40,29,18,138,1744,594,418,495,1012,3251
SBKP,2023-02,ARR,4805,22,2,6,12,10,30,49,141,340,670,788,712,525,380,251,169,112,108,66,63,49,40,30,21,32,177,1500,525,380,420,905,2825
SBKP,2019-01,DEP,4554,11,1,1,1,1,4,2,3,11,31,74,337,986,1100,681,389,251,190,110,71,46,48,34,22,19,130,411,986,1100,1070,2086,3567
SBKP,2019-02,DEP,4313,4,2,1,1,2,4,1,2,8,25,47,289,800,949,671,434,238,195,125,69,73,36,51,33,42,211,336,800,949,1105,1749,3190
SBKP,2019-03,DEP,4491,3,0,0,2,0,3,3,4,6,15,74,388,1050,1075,650,370,235,164,76,68,43,30,33,21,27,151,462,1050,1075,1020,2125,3607
SBKP,2019-04,DEP,4449,3,1,1,1,5,1,1,4,4,15,63,301,918,1088,675,393,273,143,118,78,58,43,31,27,22,182,364,918,1088,1068,2006,3438
SBKP,2019-05,DEP,4613,9,2,0,0,0,2,0,5,10,18,67,330,994,1060,657,389,252,176,100,82,62,53,48,50,35,212,397,994,1060,1046,2054,3497
SBKP,2019-06,DEP,4471,5,2,0,0,1,4,2,3,6,16,64,332,975,1087,670,433,233,157,95,82,58,35,26,21,29,135,396,975,1087,1103,2062,3561
SBKP,2019-07,DEP,4787,6,3,2,1,2,1,1,3,2,14,49,290,975,1101,742,423,302,201,122,104,76,44,41,37,32,213,339,975,1101,1165,2076,3580
SBKP,2019-08,DEP,4707,7,2,0,1,1,1,0,2,5,14,101,555,1274,1107,591,352,210,116,87,65,34,23,17,16,19,107,656,1274,1107,943,2381,3980
SBKP,2019-09,DEP,4447,5,2,1,1,2,1,2,1,7,12,73,420,1033,950,578,379,260,149,127,87,68,51,39,27,17,155,493,1033,950,957,1983,3433
SBKP,2019-10,DEP,4590,4,1,1,1,4,5,3,3,6,17,56,351,990,973,615,423,279,176,143,96,72,64,38,33,28,208,407,990,973,1038,1963,3408
SBKP,2019-11,DEP,4359,10,0,0,1,3,0,3,5,7,23,89,500,1027,878,521,328,209,137,110,94,61,48,38,42,27,198,589,1027,878,849,1905,3343
SBKP,2019-12,DEP,4396,5,0,0,1,0,1,1,9,12,18,98,502,1087,913,575,334,215,134,108,71,57,50,31,18,14,142,600,1087,913,909,2000,3509
SBKP,2020-01,DEP,4539,1,0,1,0,0,1,1,11,12,27,121,627,1165,850,529,355,220,127,100,68,57,32,38,28,22,146,748,1165,850,884,2015,3647
SBKP,2020-02,DEP,4192,1,0,1,0,1,3,2,4,15,26,155,695,1108,738,449,296,182,110,87,60,36,33,26,19,16,129,850,1108,738,745,1846,3441
SBKP,2020-03,DEP,3143,5,1,2,2,0,2,4,9,8,24,175,615,941,517,272,168,103,63,41,28,23,13,11,9,11,96,790,941,517,440,1458,2688
SBKP,2020-04,DEP,892,6,0,0,0,1,7,8,5,8,28,83,169,177,129,79,48,30,20,12,11,9,6,2,1,1,52,252,177,129,127,306,685
SBKP,2020-05,DEP,1251,6,1,0,2,3,5,7,10,12,32,119,249,368,159,95,47,28,10,8,10,9,5,2,6,0,58,368,368,159,142,527,1037
SBKP,2020-06,DEP,1542,7,0,1,1,1,2,1,9,12,24,96,269,467,258,126,68,37,18,23,17,10,6,7,10,6,66,365,467,258,194,725,1284
SBKP,2020-07,DEP,2061,6,0,1,2,1,1,2,5,17,23,68,310,632,434,207,102,63,32,31,17,10,10,4,10,4,69,378,632,434,309,1066,1753
SBKP,2020-08,DEP,2404,3,2,1,2,0,4,3,8,8,32,139,557,754,376,177,92,60,36,13,16,7,10,8,4,8,84,696,754,376,269,1130,2095
SBKP,2020-09,DEP,2740,4,0,1,0,2,1,5,1,8,36,141,547,906,446,258,111,65,34,28,22,5,9,9,10,6,85,688,906,446,369,1352,2409
SBKP,2020-10,DEP,3407,8,2,2,3,0,6,4,4,11,32,139,490,1006,658,350,208,111,80,58,28,35,22,13,16,8,113,629,1006,658,558,1664,2851
SBKP,2020-11,DEP,3897,12,1,0,3,1,5,11,8,12,24,133,500,1041,706,413,275,170,124,83,62,37,31,28,23,26,168,633,1041,706,688,1747,3068
SBKP,2020-12,DEP,4082,9,1,4,5,2,3,2,8,9,25,121,547,1203,769,449,253,173,110,59,43,35,31,20,25,14,162,668,1203,769,702,1972,3342
SBKP,2021-01,DEP,4200,11,3,1,4,5,3,2,5,11,35,191,816,1299,714,363,216,134,89,52,45,26,24,20,10,17,104,1007,1299,714,579,2013,3599
SBKP,2021-02,DEP,3536,5,0,1,0,1,2,1,3,7,23,152,657,1156,608,336,178,105,54,34,29,22,18,20,13,13,98,809,1156,608,514,1764,3087
SBKP,2021-03,DEP,3768,7,0,2,2,1,0,4,5,4,23,200,768,1240,668,299,166,81,60,31,22,20,15,12,13,14,111,968,1240,668,465,1908,3341
SBKP,2021-04,DEP,3187,11,0,1,0,2,2,2,7,13,29,191,712,1046,488,241,140,59,48,26,27,15,15,8,12,6,86,903,1046,488,381,1534,2818
SBKP,2021-05,DEP,3746,9,2,1,2,1,7,9,5,11,28,152,806,1269,639,326,147,80,47,32,17,23,19,11,9,6,88,958,1269,639,473,1908,3339
SBKP,2021-06,DEP,3929,7,0,1,0,3,2,4,9,5,20,144,642,1331,700,352,208,148,86,45,29,25,17,20,8,6,117,786,1331,700,560,2031,3377
SBKP,2021-07,DEP,4313,5,1,1,1,3,2,6,3,12,30,110,549,1419,937,493,243,138,89,51,32,22,20,10,18,5,113,659,1419,937,736,2356,3751
SBKP,2021-08,DEP,4743,3,0,2,2,1,2,5,3,11,29,206,990,1605,788,407,191,128,62,42,35,24,16,19,15,20,137,1196,1605,788,598,2393,4187
SBKP,2021-09,DEP,4554,4,0,1,0,2,1,5,5,8,26,169,847,1529,801,419,232,134,94,43,37,19,22,12,8,4,132,1016,1529,801,651,2330,3997
SBKP,2021-10,DEP,4599,3,0,2,1,1,1,3,7,11,17,110,626,1371,883,545,316,184,93,67,63,42,34,21,24,18,156,736,1371,883,861,2254,3851
SBKP,2021-11,DEP,4339,6,0,1,4,0,6,4,7,4,14,89,467,1090,834,551,344,203,143,134,63,45,45,32,23,17,213,556,1090,834,895,1924,3375
SBKP,2021-12,DEP,4727,5,0,0,1,3,2,1,5,5,10,59,352,1145,952,670,426,242,185,126,79,60,49,32,32,29,257,411,1145,952,1096,2097,3604
SBKP,2022-01,DEP,4009,18,1,1,2,3,1,3,4,11,13,74,506,1082,788,485,289,169,117,82,56,44,37,24,22,19,158,580,1082,788,774,1870,3224
SBKP,2022-02,DEP,4087,16,1,1,0,5,1,1,2,12,23,118,819,1432,684,324,180,112,68,35,31,19,20,17,11,13,142,937,1432,684,504,2116,3557
SBKP,2022-03,DEP,4881,11,1,1,1,5,1,8,3,6,25,130,911,1721,825,437,216,118,70,52,45,32,23,25,15,20,179,1041,1721,825,653,2546,4240
SBKP,2022-04,DEP,4920,15,0,1,1,1,0,5,7,8,29,127,890,1771,813,440,246,132,82,60,36,47,29,20,21,24,115,1017,1771,813,686,2584,4287
SBKP,2022-05,DEP,5505,7,1,2,3,5,2,6,10,9,25,110,790,1738,1012,541,341,204,125,80,74,50,41,43,41,25,220,900,1738,1012,882,2750,4532
SBKP,2022-06,DEP,4756,19,0,1,2,2,6,5,1,3,19,149,833,1514,862,409,255,165,109,88,54,34,31,21,16,16,142,982,1514,862,664,2376,4022
SBKP,2022-07,DEP,5241,16,0,2,0,6,2,7,6,8,26,133,800,1708,928,542,318,185,128,63,56,50,40,29,19,21,148,933,1708,928,860,2636,4429
SBKP,2022-08,DEP,5442,20,3,1,2,10,2,9,2,14,35,142,874,1733,986,501,328,198,136,97,76,53,39,27,20,7,127,1016,1733,986,829,2719,4564
SBKP,2022-09,DEP,5390,19,4,1,1,4,3,2,10,10,35,121,763,1665,964,541,334,205,148,106,66,57,54,32,28,24,193,884,1665,964,875,2629,4388
SBKP,2022-10,DEP,5626,12,5,3,2,3,4,3,9,9,26,141,943,1810,997,489,334,215,140,88,65,47,37,31,32,18,163,1084,1810,997,823,2807,4714
SBKP,2022-11,DEP,5327,8,4,1,4,3,7,4,7,8,26,106,792,1671,1046,591,315,197,120,92,65,30,28,33,28,19,122,898,1671,1046,906,2717,4521
SBKP,2022-12,DEP,5480,9,3,2,3,1,2,2,5,8,27,75,456,1479,1065,665,454,287,178,156,89,87,76,47,36,30,238,531,1479,1065,1119,2544,4194
SBKP,2023-01,DEP,5343,12,1,2,2,5,5,3,4,12,19,102,710,1510,950,584,409,240,195,136,81,77,33,37,34,30,150,812,1510,950,993,2460,4265
SBKP,2023-02,DEP,4857,11,1,2,0,2,1,7,3,8,20,119,606,1426,879,514,344,223,146,95,70,61,50,43,29,26,171,725,1426,879,858,2305,3888
SBRJ,2019-01,ARR,3670,0,0,0,0,0,1,0,12,102,307,568,573,548,405,327,222,138,97,80,61,53,40,19,25,15,77,1141,548,405,549,953,2643
SBRJ,2019-02,ARR,3295,0,0,0,0,0,0,2,14,72,216,434,535,453,373,287,213,138,105,98,81,57,40,32,20,21,104,969,453,373,500,826,2295
SBRJ,2019-03,ARR,3514,0,0,0,1,0,0,3,27,117,330,524,614,456,338,268,181,151,108,73,58,41,36,37,25,20,106,1138,456,338,449,794,2381
SBRJ,2019-04,ARR,3546,0,0,0,1,0,3,4,32,151,341,533,621,529,358,235,211,127,78,55,51,38,29,22,25,12,90,1154,529,358,446,887,2487
SBRJ,2019-05,ARR,3611,0,0,0,0,0,2,12,71,185,430,594,616,491,365,236,159,109,81,61,41,31,28,18,20,11,50,1210,491,365,395,856,2461
SBRJ,2019-06,ARR,3274,0,0,0,0,0,5,11,37,162,361,595,580,486,341,197,143,95,71,48,34,31,15,10,11,13,28,1175,486,341,340,827,2342
SBRJ,2019-07,ARR,3586,0,0,0,0,0,0,8,50,174,435,587,584,528,404,205,186,126,82,60,30,27,26,14,8,9,43,1171,528,404,391,932,2494
SBRJ,2019-08,ARR,2827,0,0,0,0,0,6,11,35,128,296,462,490,440,300,224,119,93,57,44,34,24,13,11,13,8,19,952,440,300,343,740,2035
SBRJ,2019-09,ARR,1563,0,0,0,0,0,0,12,38,120,178,257,252,181,145,93,57,52,36,38,10,13,9,10,7,1,54,509,181,145,150,326,985
SBRJ,2019-10,ARR,4111,0,0,0,0,0,1,10,51,204,431,668,723,580,410,303,199,149,94,65,41,35,29,16,16,11,75,1391,580,410,502,990,2883
SBRJ,2019-11,ARR,3994,0,0,0,0,0,1,6,74,193,424,600,631,535,384,303,202,138,113,79,49,54,38,28,23,18,101,1231,535,384,505,919,2655
SBRJ,2019-12,ARR,4318,0,0,0,0,0,1,13,55,197,388,539,667,590,458,294,219,190,135,99,111,63,66,37,24,32,140,1206,590,458,513,1048,2767
SBRJ,2020-01,ARR,4494,0,0,0,0,0,2,26,70,217,494,649,702,593,488,345,268,167,114,89,60,46,37,31,22,9,65,1351,593,488,613,1081,3045
SBRJ,2020-02,ARR,3964,0,0,0,0,0,2,16,75,200,437,555,603,524,391,278,193,143,112,91,72,56,35,35,24,15,107,1158,524,391,471,915,2544
SBRJ,2020-03,ARR,2872,0,0,0,0,0,1,13,60,227,450,536,530,371,216,159,111,68,29,25,19,9,8,7,3,4,26,1066,371,216,270,587,1923
SBRJ,2020-04,ARR,191,0,0,0,0,0,1,2,8,16,31,32,26,23,11,8,6,4,5,5,0,1,2,1,0,1,8,58,23,11,14,34,106
SBRJ,2020-05,ARR,235,0,0,0,0,0,1,3,9,20,32,42,43,23,9,15,9,4,9,2,2,3,5,1,0,1,2,85,23,9,24,32,141
SBRJ,2020-06,ARR,452,0,0,0,0,0,0,6,29,75,71,70,51,32,43,15,16,10,8,6,3,7,1,4,2,0,3,121,32,43,31,75,227
SBRJ,2020-07,ARR,767,0,0,0,0,0,0,8,44,104,115,124,104,74,58,39,26,12,17,7,10,10,5,0,2,1,7,228,74,58,65,132,425
SBRJ,2020-08,ARR,1056,1,1,0,0,2,20,24,68,102,146,148,164,141,87,56,27,22,12,11,11,4,3,2,1,1,2,312,141,87,83,228,623
SBRJ,2020-09,ARR,1531,0,0,0,0,1,1,19,42,141,241,310,251,180,125,79,38,33,21,13,10,6,7,2,2,2,7,561,180,125,117,305,983
SBRJ,2020-10,ARR,2047,0,0,0,0,0,1,31,87,193,358,384,320,229,148,110,54,37,29,13,10,4,5,6,1,2,25,704,229,148,164,377,1245
SBRJ,2020-11,ARR,2311,0,0,0,0,0,1,11,75,216,360,410,344,267,173,125,67,53,43,42,21,31,12,9,9,8,34,754,267,173,192,440,1386
SBRJ,2020-12,ARR,2823,0,0,0,0,1,3,16,56,218,375,487,438,373,268,148,110,79,49,48,37,36,14,9,9,7,42,925,373,268,258,641,1824
SBRJ,2021-01,ARR,2850,0,0,0,0,1,1,8,56,161,366,516,500,388,253,218,135,74,43,42,22,17,10,6,6,3,24,1016,388,253,353,641,2010
SBRJ,2021-02,ARR,2127,0,0,0,0,0,0,5,34,139,332,422,386,264,185,102,84,57,32,20,21,12,5,7,3,5,12,808,264,185,186,449,1443
SBRJ,2021-03,ARR,1822,0,0,0,0,0,1,14,41,176,307,385,300,208,149,79,48,33,23,12,4,11,4,5,1,2,19,685,208,149,127,357,1169
SBRJ,2021-04,ARR,1312,0,0,0,0,1,7,31,76,137,214,278,191,144,86,56,23,21,11,11,3,4,2,3,0,2,11,469,144,86,79,230,778
SBRJ,2021-05,ARR,1736,0,0,0,0,0,2,9,79,199,327,324,331,177,99,69,38,28,17,8,6,5,4,1,1,1,11,655,177,99,107,276,1038
SBRJ,2021-06,ARR,2028,0,0,0,0,0,3,25,61,181,274,377,348,278,182,114,57,39,25,15,8,12,4,4,3,2,16,725,278,182,171,460,1356
SBRJ,2021-07,ARR,2577,0,0,0,0,0,5,18,76,156,327,499,454,383,242,129,98,48,40,16,15,15,8,4,9,5,30,953,383,242,227,625,1805
SBRJ,2021-08,ARR,2655,0,0,0,0,0,0,5,42,173,409,559,530,361,221,131,68,37,25,28,13,13,6,7,4,2,21,1089,361,221,199,582,1870
SBRJ,2021-09,ARR,2672,0,0,0,0,1,2,3,36,150,346,569,553,364,243,132,90,58,36,17,15,11,9,11,1,4,21,1122,364,243,222,607,1951
SBRJ,2021-10,ARR,2688,1,1,0,0,0,0,2,36,116,361,497,482,367,268,143,114,65,45,35,30,17,14,5,10,5,74,979,367,268,257,635,1871
SBRJ,2021-11,ARR,2997,0,0,0,0,0,2,6,27,132,320,505,491,427,310,230,159,81,82,49,37,23,18,10,12,14,62,996,427,310,389,737,2122
SBRJ,2021-12,ARR,3390,0,0,0,0,1,0,5,37,136,315,463,485,531,372,256,215,135,99,64,61,36,32,24,13,13,97,948,531,372,471,903,2322
SBRJ,2022-01,ARR,3051,0,0,0,0,1,4,10,59,177,360,569,490,413,302,180,110,98,57,49,32,27,21,9,14,10,59,1059,413,302,290,715,2064
SBRJ,2022-02,ARR,2711,0,0,0,0,1,0,2,45,193,412,585,529,386,208,130,73,43,35,15,13,5,8,5,3,4,16,1114,386,208,203,594,1911
SBRJ,2022-03,ARR,3333,0,0,0,0,0,1,7,25,157,417,671,627,516,318,192,141,75,47,29,24,15,10,6,6,10,39,1298,516,318,333,834,2465
SBRJ,2022-04,ARR,3731,0,0,0,0,1,0,6,41,174,442,676,725,514,423,216,154,90,74,41,36,29,13,15,11,7,43,1401,514,423,370,937,2708
SBRJ,2022-05,ARR,4192,0,0,0,0,1,2,8,50,207,536,791,806,561,444,260,147,96,76,32,35,28,20,15,9,10,58,1597,561,444,407,1005,3009
SBRJ,2022-06,ARR,3877,0,0,0,0,2,0,11,55,207,556,735,749,559,344,207,149,97,49,40,30,13,12,9,9,8,36,1484,559,344,356,903,2743
SBRJ,2022-07,ARR,4303,0,0,0,0,1,1,2,27,148,469,768,775,651,474,301,213,121,96,60,45,34,15,15,14,12,61,1543,651,474,514,1125,3182
SBRJ,2022-08,ARR,4295,0,0,0,0,0,0,9,45,190,514,718,738,617,449,281,213,128,102,79,38,29,31,25,13,8,68,1456,617,449,494,1066,3016
SBRJ,2022-09,ARR,4206,0,0,0,0,0,1,9,39,181,422,697,693,555,470,298,211,160,102,58,47,50,38,30,18,15,112,1390,555,470,509,1025,2924
SBRJ,2022-10,ARR,4453,0,0,0,0,1,1,10,38,167,455,710,751,624,475,331,213,154,116,98,64,50,41,25,20,17,92,1461,624,475,544,1099,3104
SBRJ,2022-11,ARR,4486,0,0,0,0,2,2,10,39,126,309,572,647,588,496,358,292,212,159,132,96,95,61,54,39,35,162,1219,588,496,650,1084,2953
SBRJ,2022-12,ARR,4598,0,0,1,3,2,3,11,44,107,273,573,614,636,490,364,302,218,182,130,100,78,87,39,54,47,240,1187,636,490,666,1126,2979
SBRJ,2023-01,ARR,4637,0,0,0,0,3,2,10,37,110,282,527,672,717,550,440,314,224,168,130,77,70,61,40,27,27,149,1199,717,550,754,1267,3220
SBRJ,2023-02,ARR,4079,0,0,0,0,0,2,7,34,93,252,471,606,530,431,335,281,210,149,119,116,78,62,54,36,29,184,1077,530,431,616,961,2654
SBRJ,2019-01,DEP,3694,0,0,0,0,0,0,0,0,0,2,110,641,984,649,336,268,168,104,74,76,58,38,35,16,28,107,751,984,649,604,1633,2988
SBRJ,2019-02,DEP,3328,0,0,0,0,0,0,0,0,0,1,96,593,802,540,339,237,146,129,75,62,49,46,41,35,23,114,689,802,540,576,1342,2607
SBRJ,2019-03,DEP,3529,0,0,0,0,0,2,0,0,0,0,113,679,939,569,286,192,180,114,93,58,50,44,32,32,22,124,792,939,569,478,1508,2778
SBRJ,2019-04,DEP,3568,0,0,0,0,0,0,2,0,0,1,91,665,937,646,383,223,137,106,77,47,25,34,26,25,17,126,756,937,646,606,1583,2945
SBRJ,2019-05,DEP,3623,0,0,0,0,0,0,0,0,0,2,127,829,1037,608,335,201,116,78,46,44,38,30,28,19,12,73,956,1037,608,536,1645,3137
SBRJ,2019-06,DEP,3270,0,0,0,0,0,0,0,0,0,3,154,822,989,521,255,138,115,72,53,33,21,21,20,11,7,35,976,989,521,393,1510,2879
SBRJ,2019-07,DEP,3599,0,0,0,0,0,0,0,0,0,3,132,796,1023,612,330,217,141,96,65,47,32,17,18,12,12,46,928,1023,612,547,1635,3110
SBRJ,2019-08,DEP,2838,0,0,0,0,0,0,0,0,0,3,121,790,822,428,235,123,72,65,46,34,29,16,11,12,5,26,911,822,428,358,1250,2519
SBRJ,2019-09,DEP,1546,1,0,0,0,0,0,0,0,0,2,86,382,429,227,116,69,43,44,26,19,8,12,13,8,5,56,468,429,227,185,656,1309
SBRJ,2019-10,DEP,4121,0,0,0,0,0,0,0,0,0,3,146,954,1194,631,353,209,164,111,68,66,51,31,31,15,16,78,1100,1194,631,562,1825,3487
SBRJ,2019-11,DEP,4037,0,0,0,0,0,0,0,0,0,6,138,873,1098,617,368,206,139,113,87,71,51,34,29,26,24,157,1011,1098,617,574,1715,3300
SBRJ,2019-12,DEP,4341,0,0,0,0,0,0,0,0,2,1,157,813,1043,681,361,256,200,169,119,108,64,47,41,49,35,195,970,1043,681,617,1724,3311
SBRJ,2020-01,DEP,4525,0,0,0,0,0,0,0,0,0,3,179,958,1232,711,407,271,228,114,92,66,51,40,40,24,15,94,1137,1232,711,678,1943,3758
SBRJ,2020-02,DEP,3998,0,0,0,0,0,0,0,0,0,3,150,838,1062,617,330,221,162,103,90,74,60,43,43,25,22,155,988,1062,617,551,1679,3218
SBRJ,2020-03,DEP,2877,0,0,0,0,0,0,0,0,1,9,194,977,893,385,152,102,53,21,18,20,5,7,6,5,5,24,1171,893,385,254,1278,2703
SBRJ,2020-04,DEP,188,0,0,0,0,0,0,0,0,0,3,24,54,56,24,12,7,0,4,1,2,0,0,0,0,1,0,78,56,24,19,80,177
SBRJ,2020-05,DEP,244,0,0,0,0,0,0,0,0,0,1,31,90,67,31,11,2,2,0,3,0,2,0,1,0,1,2,121,67,31,13,98,232
SBRJ,2020-06,DEP,462,0,0,0,0,0,0,0,0,0,2,57,179,133,50,13,6,10,2,2,2,0,0,0,1,1,4,236,133,50,19,183,438
SBRJ,2020-07,DEP,776,0,0,0,0,0,0,0,0,0,9,107,306,199,74,28,15,9,2,5,5,2,2,4,2,0,7,413,199,74,43,273,729
SBRJ,2020-08,DEP,1057,0,0,0,0,0,0,0,0,1,7,119,348,307,147,57,24,13,4,3,3,7,1,2,3,0,11,467,307,147,81,454,1002
SBRJ,2020-09,DEP,1528,0,0,0,0,0,0,0,0,0,3,115,497,480,218,87,40,27,13,9,9,5,6,3,0,0,16,612,480,218,127,698,1437
SBRJ,2020-10,DEP,2053,0,0,0,0,0,0,0,0,0,8,141,625,626,289,136,73,42,23,18,12,8,4,4,3,3,38,766,626,289,209,915,1890
SBRJ,2020-11,DEP,2330,0,0,0,0,0,0,0,0,0,6,112,539,666,394,180,127,75,48,34,27,16,20,12,10,13,51,651,666,394,307,1060,2018
SBRJ,2020-12,DEP,2833,0,0,0,0,0,0,0,0,0,6,131,703,792,480,233,140,112,63,47,30,24,19,9,8,3,33,834,792,480,373,1272,2479
SBRJ,2021-01,DEP,2841,0,0,0,0,0,0,0,1,0,9,159,753,826,503,210,124,78,63,23,17,13,9,15,5,4,29,912,826,503,334,1329,2575
SBRJ,2021-02,DEP,2136,0,0,0,0,0,0,0,0,0,8,139,640,634,321,131,96,50,35,18,18,12,5,7,1,5,16,779,634,321,227,955,1961
SBRJ,2021-03,DEP,1814,0,0,0,0,0,0,0,0,0,8,182,586,517,218,108,67,26,25,15,12,12,4,4,2,1,27,768,517,218,175,735,1678
SBRJ,2021-04,DEP,1314,0,0,0,0,0,0,0,0,0,5,122,406,454,187,57,34,15,10,4,1,2,2,3,2,1,9,528,454,187,91,641,1260
SBRJ,2021-05,DEP,1749,0,0,0,0,0,0,0,0,0,6,142,609,566,232,72,33,21,14,7,9,5,5,8,5,3,12,751,566,232,105,798,1654
SBRJ,2021-06,DEP,2033,0,0,0,0,0,0,0,0,0,6,160,653,660,306,99,48,29,19,10,5,7,5,3,3,6,14,813,660,306,147,966,1926
SBRJ,2021-07,DEP,2593,0,0,0,0,0,0,0,0,0,8,209,826,760,396,168,85,33,25,19,12,3,6,6,3,5,29,1035,760,396,253,1156,2444
SBRJ,2021-08,DEP,2667,0,0,0,0,0,0,0,0,0,6,265,954,813,336,120,46,36,21,18,7,6,7,5,5,0,22,1219,813,336,166,1149,2534
SBRJ,2021-09,DEP,2822,0,0,0,0,0,0,0,0,0,3,153,858,945,416,179,94,48,26,25,13,14,6,4,8,2,28,1011,945,416,273,1361,2645
SBRJ,2021-10,DEP,2855,1,0,0,0,0,0,0,0,0,3,104,683,878,463,227,148,90,43,38,21,18,22,13,8,9,86,787,878,463,375,1341,2503
SBRJ,2021-11,DEP,3012,0,0,0,0,0,0,0,0,0,0,57,507,912,508,288,182,135,87,84,52,32,20,23,24,10,91,564,912,508,470,1420,2454
SBRJ,2021-12,DEP,3425,0,0,0,0,0,0,0,0,0,9,95,632,835,572,336,262,160,101,88,77,43,36,23,20,18,118,727,835,572,598,1407,2732
SBRJ,2022-01,DEP,3059,2,0,0,0,0,0,0,0,1,6,121,764,916,481,204,153,87,64,54,39,25,24,12,22,14,70,885,916,481,357,1397,2639
SBRJ,2022-02,DEP,2714,0,0,0,0,0,0,0,0,1,3,135,940,919,384,114,75,49,30,11,7,4,5,3,3,3,28,1075,919,384,189,1303,2567
SBRJ,2022-03,DEP,3342,0,0,0,0,0,0,0,0,0,6,154,975,1055,544,221,133,67,53,25,22,12,10,6,5,8,46,1129,1055,544,354,1599,3082
SBRJ,2022-04,DEP,3756,0,0,0,0,0,1,0,0,1,5,135,938,1108,602,330,190,105,89,63,36,28,20,13,10,16,66,1073,1108,602,520,1710,3303
SBRJ,2022-05,DEP,4198,0,0,0,0,0,0,0,0,0,1,201,1170,1308,639,324,164,114,59,40,33,25,24,13,11,14,58,1371,1308,639,488,1947,3806
SBRJ,2022-06,DEP,3887,0,0,0,0,0,0,0,0,0,9,224,1155,1185,546,274,157,99,65,45,33,19,13,12,4,7,40,1379,1185,546,431,1731,3541
SBRJ,2022-07,DEP,4319,0,0,0,0,0,0,0,0,1,1,193,1174,1240,643,346,201,141,106,53,40,32,28,12,7,18,83,1367,1240,643,547,1883,3797
SBRJ,2022-08,DEP,4307,0,0,0,0,0,0,0,0,0,10,251,1092,1216,639,320,227,149,104,69,48,40,33,17,14,12,66,1343,1216,639,547,1855,3745
SBRJ,2022-09,DEP,4220,1,0,0,0,0,0,1,0,1,11,235,980,1122,630,317,234,163,118,77,53,39,36,25,19,16,142,1215,1122,630,551,1752,3518
SBRJ,2022-10,DEP,4466,0,0,0,0,0,0,0,0,0,13,240,1093,1174,653,350,236,155,109,81,69,49,47,31,30,27,109,1333,1174,653,586,1827,3746
SBRJ,2022-11,DEP,4454,1,0,0,0,0,0,0,0,0,3,101,606,979,668,439,386,269,202,172,107,97,76,58,60,29,201,707,979,668,825,1647,3179
SBRJ,2022-12,DEP,4559,1,0,0,1,0,0,1,1,2,7,142,658,1043,667,416,318,248,173,150,130,70,64,71,47,40,309,800,1043,667,734,1710,3244
SBRJ,2023-01,DEP,4641,0,0,0,0,0,0,0,0,0,7,143,643,966,771,498,351,269,209,149,113,100,78,61,45,41,197,786,966,771,849,1737,3372
SBRJ,2023-02,DEP,4112,1,0,0,0,0,0,0,0,0,3,136,597,838,596,418,319,243,167,158,121,79,65,63,51,41,216,733,838,596,737,1434,2904
SBSP,2019-01,ARR,7554,0,0,0,1,3,9,43,149,493,925,1191,1081,910,649,498,355,289,204,151,104,88,61,56,53,41,200,2272,910,649,853,1559,4684
SBSP,2019-02,ARR,6713,0,0,0,0,0,4,19,103,334,699,1004,951,844,614,440,365,263,213,159,149,101,84,74,56,41,196,1955,844,614,805,1458,4218
SBSP,2019-03,ARR,7149,0,0,0,0,1,8,28,173,485,946,1174,1158,788,635,393,298,243,158,154,92,71,66,47,37,37,157,2332,788,635,691,1423,4446
SBSP,2019-04,ARR,7008,1,0,0,0,0,5,31,124,443,884,1193,1161,859,636,414,293,224,146,125,86,58,42,43,31,28,181,2354,859,636,707,1495,4556
SBSP,2019-05,ARR,7096,0,1,0,0,1,3,35,169,470,964,1325,1174,934,653,390,266,169,136,107,74,54,35,20,20,13,83,2499,934,653,656,1587,4742
SBSP,2019-06,ARR,6466,0,0,0,0,0,2,18,114,479,966,1242,1141,837,545,333,240,137,115,69,61,32,25,28,14,11,57,2383,837,545,573,1382,4338
SBSP,2019-07,ARR,7095,0,0,0,0,0,4,14,99,407,956,1281,1185,915,675,456,278,212,153,118,76,63,39,25,20,12,107,2466,915,675,734,1590,4790
SBSP,2019-08,ARR,7030,0,0,0,0,0,3,25,173,452,1037,1267,1222,875,606,428,280,185,128,84,63,50,29,13,15,19,76,2489,875,606,708,1481,4678
SBSP,2019-09,ARR,7194,1,0,0,0,0,2,16,97,413,864,1231,1157,978,699,496,325,254,172,108,77,75,48,34,24,18,105,2388,978,699,821,1677,4886
SBSP,2019-10,ARR,7501,0,0,0,0,2,1,7,113,405,988,1449,1289,959,699,488,310,195,132,107,84,51,40,33,34,13,102,2738,959,699,798,1658,5194
SBSP,2019-11,ARR,7294,3,0,0,0,1,3,26,111,352,721,1099,1125,969,695,489,360,254,216,148,132,99,89,70,47,37,248,2224,969,695,849,1664,4737
SBSP,2019-12,ARR,7540,1,0,0,0,1,2,21,111,433,910,1141,1092,838,649,477,359,268,232,184,146,107,62,72,82,56,296,2233,838,649,836,1487,4556
SBSP,2020-01,ARR,7776,0,0,0,0,0,5,34,166,455,1077,1325,1345,1028,703,448,297,218,145,110,86,56,55,37,37,16,133,2670,1028,703,745,1731,5146
SBSP,2020-02,ARR,6853,1,0,0,0,0,4,29,133,375,870,1136,1116,845,614,393,275,200,162,123,94,87,55,53,38,41,209,2252,845,614,668,1459,4379
SBSP,2020-03,ARR,4967,0,0,0,1,0,6,35,147,497,873,1067,833,605,341,206,102,65,43,20,23,18,15,2,5,14,49,1900,605,341,308,946,3154
SBSP,2020-04,ARR,60,0,0,0,0,0,1,6,7,8,10,8,6,4,1,2,2,1,1,0,0,0,1,0,0,0,2,14,4,1,4,5,23
SBSP,2020-05,ARR,31,0,0,0,0,0,1,0,2,0,10,13,2,0,0,0,0,1,1,0,0,0,0,0,0,0,1,15,0,0,0,0,15
SBSP,2020-06,ARR,372,0,0,0,0,1,5,7,27,80,108,87,30,11,2,5,1,0,1,1,1,0,1,0,0,1,3,117,11,2,6,13,136
SBSP,2020-07,ARR,665,0,0,0,0,2,8,21,56,146,152,136,65,35,12,4,3,0,6,2,4,1,2,1,0,1,8,201,35,12,7,47,255
SBSP,2020-08,ARR,516,0,0,0,0,0,1,5,19,77,107,93,78,58,30,9,10,5,8,0,2,0,0,1,1,2,10,171,58,30,19,88,278
SBSP,2020-09,ARR,911,0,0,0,1,2,6,13,52,140,198,183,134,76,34,26,13,4,6,2,2,2,3,4,0,1,9,317,76,34,39,110,466
SBSP,2020-10,ARR,1925,0,0,0,3,8,7,27,90,233,395,396,320,175,106,59,28,13,8,10,7,5,2,3,1,1,28,716,175,106,87,281,1084
SBSP,2020-11,ARR,2443,0,0,0,0,1,2,26,105,328,439,520,394,233,135,79,53,40,18,16,7,8,6,4,2,3,24,914,233,135,132,368,1414
SBSP,2020-12,ARR,2964,0,0,0,0,2,6,43,152,412,577,536,416,267,157,119,74,45,47,19,29,12,11,9,5,0,26,952,267,157,193,424,1569
SBSP,2021-01,ARR,3455,0,0,0,0,0,10,51,174,412,644,622,560,326,209,163,83,55,40,26,15,9,8,3,5,3,37,1182,326,209,246,535,1963
SBSP,2021-02,ARR,2584,0,0,0,1,3,10,42,122,335,555,559,418,234,105,68,45,15,17,13,10,7,5,0,1,2,17,977,234,105,113,339,1429
SBSP,2021-03,ARR,2101,0,0,0,1,1,16,40,148,367,555,441,286,114,57,28,11,8,5,2,1,6,1,0,3,2,8,727,114,57,39,171,937
SBSP,2021-04,ARR,1155,0,0,0,0,1,6,28,76,177,280,246,147,91,48,25,11,5,3,2,1,0,1,2,1,1,3,393,91,48,36,139,568
SBSP,2021-05,ARR,1730,0,0,0,1,0,4,23,120,289,346,359,253,131,72,48,25,15,10,8,4,3,7,1,1,0,10,612,131,72,73,203,888
SBSP,2021-06,ARR,2121,0,0,0,0,1,3,15,82,263,455,492,339,208,108,38,41,15,9,16,7,7,5,0,2,2,13,831,208,108,79,316,1226
SBSP,2021-07,ARR,3347,0,0,0,0,1,0,9,64,218,554,716,715,431,296,127,77,35,18,16,8,6,4,5,2,3,42,1431,431,296,204,727,2362
SBSP,2021-08,ARR,3236,3,2,1,1,2,3,17,105,301,674,776,589,364,154,85,46,28,11,9,9,10,6,4,4,0,32,1365,364,154,131,518,2014
SBSP,2021-09,ARR,3461,0,0,0,0,1,3,14,79,282,605,793,711,402,241,125,65,40,28,20,8,5,4,5,2,5,23,1504,402,241,190,643,2337
SBSP,2021-10,ARR,3671,0,0,0,0,0,2,12,52,235,491,737,696,524,335,224,105,62,37,30,26,20,13,6,10,7,47,1433,524,335,329,859,2621
SBSP,2021-11,ARR,4349,0,0,0,0,0,1,4,49,163,389,711,771,675,480,311,197,140,113,73,47,38,26,22,19,15,105,1482,675,480,508,1155,3145
SBSP,2021-12,ARR,5181,0,0,0,0,0,2,6,48,188,493,779,860,724,529,411,269,191,129,114,88,62,54,40,35,23,136,1639,724,529,680,1253,3572
SBSP,2022-01,ARR,5258,3,0,0,0,0,5,28,120,376,717,935,870,648,430,280,185,166,106,74,60,48,38,27,21,19,102,1805,648,430,465,1078,3348
SBSP,2022-02,ARR,4069,1,0,0,0,0,3,23,98,380,749,956,781,423,252,139,81,60,25,13,7,9,6,7,3,1,52,1737,423,252,220,675,2632
SBSP,2022-03,ARR,4587,0,0,0,0,0,4,19,83,348,700,938,887,598,360,227,137,74,50,44,31,19,7,5,6,7,43,1825,598,360,364,958,3147
SBSP,2022-04,ARR,5425,0,0,0,1,0,3,15,110,347,774,1096,952,748,473,295,187,127,71,60,32,18,18,16,10,6,66,2048,748,473,482,1221,3751
SBSP,2022-05,ARR,6347,0,0,0,0,0,3,14,81,318,775,1179,1153,965,583,408,242,174,103,74,50,39,23,25,16,8,114,2332,965,583,650,1548,4530
SBSP,2022-06,ARR,5924,0,0,0,0,0,1,12,94,313,761,1183,1219,903,485,319,209,110,60,66,43,26,23,10,12,6,69,2402,903,485,528,1388,4318
SBSP,2022-07,ARR,6592,0,0,0,0,1,1,7,55,256,689,1114,1245,1005,703,451,293,214,134,98,65,54,42,21,23,10,111,2359,1005,703,744,1708,4811
SBSP,2022-08,ARR,6352,1,0,0,0,0,2,16,70,222,669,964,1016,939,646,496,349,228,177,137,100,70,52,41,34,20,103,1980,939,646,845,1585,4410
SBSP,2022-09,ARR,6065,0,0,0,0,0,3,9,70,251,684,985,998,792,636,482,304,219,133,109,71,66,55,25,23,17,133,1983,792,636,786,1428,4197
SBSP,2022-10,ARR,6504,0,0,0,0,0,3,10,62,268,686,1016,1075,863,707,457,323,263,160,135,98,77,46,44,35,29,147,2091,863,707,780,1570,4441
SBSP,2022-11,ARR,7008,5,0,0,0,1,3,15,71,230,540,794,938,896,654,525,423,348,292,222,160,152,112,99,82,83,363,1732,896,654,948,1550,4230
SBSP,2022-12,ARR,7367,0,0,0,0,0,2,13,76,241,566,903,992,917,687,574,450,355,271,237,197,128,141,86,93,50,388,1895,917,687,1024,1604,4523
SBSP,2023-01,ARR,7489,0,0,0,0,1,2,23,82,307,636,1069,1110,991,797,554,431,283,217,206,127,128,96,60,58,48,263,2179,991,797,985,1788,4952
SBSP,2023-02,ARR,6471,1,0,0,0,0,0,18,80,238,576,909,995,826,630,480,328,262,222,168,135,114,77,70,64,43,235,1904,826,630,808,1456,4168
SBSP,2019-01,DEP,7666,0,0,0,0,0,0,0,0,0,3,232,1476,2085,1140,703,474,333,270,204,139,144,88,74,51,52,198,1708,2085,1140,1177,3225,6110
SBSP,2019-02,DEP,6818,0,0,0,0,0,0,0,0,0,5,133,1085,1733,1118,735,447,403,247,202,133,138,89,67,59,49,175,1218,1733,1118,1182,2851,5251
SBSP,2019-03,DEP,7236,0,0,0,0,0,0,0,0,0,3,233,1561,2030,1111,631,398,278,186,166,125,95,80,57,49,31,202,1794,2030,1111,1029,3141,5964
SBSP,2019-04,DEP,7107,0,0,0,0,0,0,0,0,0,6,264,1610,1938,1129,579,416,264,198,134,116,76,66,56,37,16,202,1874,1938,1129,995,3067,5936
SBSP,2019-05,DEP,7141,0,0,0,0,0,0,0,0,0,0,372,1916,2096,1096,518,367,212,152,102,86,58,32,24,27,15,68,2288,2096,1096,885,3192,6365
SBSP,2019-06,DEP,6512,0,0,0,0,0,0,0,0,0,9,339,1803,1835,967,541,322,204,148,105,54,38,39,27,12,21,48,2142,1835,967,863,2802,5807
SBSP,2019-07,DEP,7119,0,0,0,0,0,0,0,0,0,7,382,1662,1940,1057,565,448,280,196,155,98,69,52,46,37,21,104,2044,1940,1057,1013,2997,6054
SBSP,2019-08,DEP,7049,0,0,0,0,0,0,0,0,0,9,385,1924,1994,1025,538,373,239,163,108,79,53,36,28,20,19,56,2309,1994,1025,911,3019,6239
SBSP,2019-09,DEP,7265,0,0,0,0,0,0,0,0,0,6,309,1608,1987,1083,613,397,312,230,146,142,101,67,72,41,13,138,1917,1987,1083,1010,3070,5997
SBSP,2019-10,DEP,7529,0,0,0,0,0,0,0,0,0,4,262,1743,2190,1173,693,428,299,210,144,86,69,45,35,29,20,99,2005,2190,1173,1121,3363,6489
SBSP,2019-11,DEP,7374,0,0,0,0,0,0,0,0,0,10,239,1300,1857,1150,679,468,387,272,213,168,126,89,68,51,44,253,1539,1857,1150,1147,3007,5693
SBSP,2019-12,DEP,7619,0,0,0,0,0,0,0,0,0,12,388,1460,1752,1078,686,491,364,299,208,155,143,95,78,52,59,299,1848,1752,1078,1177,2830,5855
SBSP,2020-01,DEP,7854,0,0,0,0,0,0,0,0,0,24,641,2097,2064,1090,612,386,282,162,104,86,65,50,40,20,21,110,2738,2064,1090,998,3154,6890
SBSP,2020-02,DEP,6996,1,0,0,0,0,0,0,0,1,13,455,1737,1751,983,517,334,251,197,137,124,104,65,57,41,35,193,2192,1751,983,851,2734,5777
SBSP,2020-03,DEP,4983,0,0,0,0,0,0,0,0,2,8,534,1736,1393,598,305,156,73,48,36,21,13,9,6,6,5,34,2270,1393,598,461,1991,4722
SBSP,2020-04,DEP,44,1,1,0,0,0,0,0,0,0,2,14,22,3,1,0,0,0,0,0,0,0,0,0,0,0,0,36,3,1,0,4,40
SBSP,2020-05,DEP,25,0,0,0,0,0,0,0,0,1,1,9,9,2,0,0,1,1,0,0,0,0,1,0,0,0,0,18,2,0,1,2,21
SBSP,2020-06,DEP,371,0,0,0,0,0,0,0,0,0,13,119,163,52,10,5,3,1,1,1,0,1,0,0,0,0,2,282,52,10,8,62,352
SBSP,2020-07,DEP,680,0,0,0,0,0,0,0,0,0,24,256,274,89,18,4,1,2,3,1,1,1,0,0,0,0,6,530,89,18,5,107,642
SBSP,2020-08,DEP,535,0,0,0,0,0,0,1,1,1,8,108,218,117,35,15,6,5,2,2,4,3,0,2,1,1,5,326,117,35,21,152,499
SBSP,2020-09,DEP,917,1,0,0,0,0,0,0,0,0,16,273,366,166,34,20,10,5,8,7,1,2,0,3,1,0,4,639,166,34,30,200,869
SBSP,2020-10,DEP,1934,0,0,0,0,0,0,1,1,2,40,568,684,371,115,62,23,19,12,5,4,4,7,2,2,1,11,1252,371,115,85,486,1823
SBSP,2020-11,DEP,2463,0,0,0,0,0,0,0,0,0,20,434,893,590,256,103,52,30,13,15,15,6,6,3,4,1,22,1327,590,256,155,846,2328
SBSP,2020-12,DEP,2975,0,0,0,0,0,0,0,0,0,16,366,919,752,374,169,112,76,47,38,33,15,15,11,5,8,19,1285,752,374,281,1126,2692
SBSP,2021-01,DEP,3462,1,0,0,1,0,0,0,0,1,33,546,1189,810,375,163,108,72,51,27,16,11,7,10,6,4,31,1735,810,375,271,1185,3191
SBSP,2021-02,DEP,2564,1,0,0,0,0,0,0,0,0,18,503,981,653,201,76,41,20,20,11,4,4,5,3,2,2,19,1484,653,201,117,854,2455
SBSP,2021-03,DEP,2081,0,0,0,0,0,0,0,0,0,36,449,889,451,124,58,26,13,10,5,2,1,4,2,2,1,8,1338,451,124,84,575,1997
SBSP,2021-04,DEP,1159,0,0,0,0,0,0,0,0,0,13,249,574,233,46,20,6,6,3,2,1,0,1,0,1,0,4,823,233,46,26,279,1128
SBSP,2021-05,DEP,1743,0,0,0,0,0,0,0,0,0,6,275,756,460,137,35,25,10,5,6,4,1,7,0,3,5,8,1031,460,137,60,597,1688
SBSP,2021-06,DEP,2127,0,0,0,0,0,0,0,0,0,2,350,878,525,168,58,38,31,21,9,11,9,2,6,4,2,13,1228,525,168,96,693,2017
SBSP,2021-07,DEP,3343,0,0,0,0,0,0,0,0,0,10,498,1272,849,335,141,87,45,25,17,6,5,8,5,2,4,34,1770,849,335,228,1184,3182
SBSP,2021-08,DEP,3261,1,1,1,1,0,1,0,0,1,19,539,1244,823,290,122,62,38,18,20,14,12,6,5,4,3,36,1783,823,290,184,1113,3080
SBSP,2021-09,DEP,3774,0,0,0,0,0,0,0,0,0,14,431,1313,1116,406,186,97,65,34,27,16,19,8,9,2,4,27,1744,1116,406,283,1522,3549
SBSP,2021-10,DEP,4067,0,0,0,0,0,0,0,0,0,5,325,1243,1154,567,282,157,92,59,37,32,23,22,13,11,3,42,1568,1154,567,439,1721,3728
SBSP,2021-11,DEP,4380,0,0,0,0,0,0,0,0,0,3,256,995,1170,612,392,256,173,109,87,64,47,51,30,23,18,94,1251,1170,612,648,1782,3681
SBSP,2021-12,DEP,5256,0,0,0,0,0,0,0,0,0,3,216,871,1247,766,527,393,295,212,160,107,98,70,51,43,43,154,1087,1247,766,920,2013,4020
SBSP,2022-01,DEP,5332,0,0,0,0,0,0,1,0,1,10,341,1364,1495,743,403,257,150,114,97,74,44,33,44,21,25,115,1705,1495,743,660,2238,4603
SBSP,2022-02,DEP,4079,0,0,0,0,0,0,0,0,0,8,457,1453,1134,462,207,126,76,41,34,14,14,10,8,5,3,27,1910,1134,462,333,1596,3839
SBSP,2022-03,DEP,4630,1,0,0,0,0,0,1,0,0,14,458,1576,1324,592,227,154,78,53,31,28,19,8,12,11,10,33,2034,1324,592,381,1916,4331
SBSP,2022-04,DEP,5449,0,0,0,0,0,0,0,0,0,4,336,1527,1678,827,397,230,145,93,53,35,26,22,12,16,2,46,1863,1678,827,627,2505,4995
SBSP,2022-05,DEP,6398,0,0,0,0,0,0,0,0,0,10,383,1726,1921,958,502,277,179,119,91,48,32,30,12,12,11,87,2109,1921,958,779,2879,5767
SBSP,2022-06,DEP,5963,0,0,0,0,0,0,0,0,0,7,319,1634,1948,892,434,246,175,99,59,34,20,18,13,9,10,46,1953,1948,892,680,2840,5473
SBSP,2022-07,DEP,6637,0,0,0,0,0,0,0,0,0,11,271,1428,1936,1072,573,387,264,195,148,83,70,42,33,21,19,84,1699,1936,1072,960,3008,5667
SBSP,2022-08,DEP,6385,1,0,0,0,0,0,0,0,0,4,265,1282,1683,1046,574,396,289,228,169,88,76,59,34,40,25,126,1547,1683,1046,970,2729,5246
SBSP,2022-09,DEP,6116,0,0,0,0,0,0,0,0,0,7,277,1296,1658,963,556,349,265,197,124,97,64,45,30,29,22,137,1573,1658,963,905,2621,5099
SBSP,2022-10,DEP,6559,0,0,0,0,0,0,0,0,0,11,336,1315,1703,980,577,371,273,221,155,126,100,67,45,36,40,203,1651,1703,980,948,2683,5282
SBSP,2022-11,DEP,7033,4,0,0,0,0,0,0,0,0,5,151,781,1453,1123,742,542,398,332,253,231,170,137,131,106,78,396,932,1453,1123,1284,2576,4792
SBSP,2022-12,DEP,7386,1,0,0,0,0,0,0,0,0,13,245,879,1493,1135,763,607,427,379,266,270,161,126,94,95,72,360,1124,1493,1135,1370,2628,5122
SBSP,2023-01,DEP,7585,1,0,0,0,0,0,0,0,0,8,348,1340,1794,1300,703,478,390,261,199,131,118,93,79,50,53,239,1688,1794,1300,1181,3094,5963
SBSP,2023-02,DEP,6586,23,0,0,0,0,0,0,2,0,12,308,1146,1576,1047,597,399,323,227,185,151,117,75,69,50,35,244,1454,1576,1047,996,2623,5073
SBSV,2019-01,ARR,3043,18,3,1,1,1,2,12,44,108,248,374,433,417,335,243,167,125,103,83,64,45,26,29,19,22,120,807,417,335,410,752,1969
SBSV,2019-02,ARR,2389,7,0,1,1,1,4,11,52,107,194,264,346,338,262,195,138,105,73,56,44,34,20,25,10,14,87,610,338,262,333,600,1543
SBSV,2019-03,ARR,2543,0,0,0,0,0,5,8,29,111,226,326,376,318,286,215,153,93,89,44,40,37,31,17,16,17,106,702,318,286,368,604,1674
SBSV,2019-04,ARR,2019,0,0,0,0,0,8,12,42,93,176,282,283,290,222,154,118,76,67,50,27,24,12,8,13,4,58,565,290,222,272,512,1349
SBSV,2019-05,ARR,1827,3,2,1,0,0,10,20,33,87,223,259,270,234,198,149,103,56,37,29,23,15,9,11,8,5,42,529,234,198,252,432,1213
SBSV,2019-06,ARR,1852,7,0,1,1,4,10,6,34,108,206,289,271,236,182,130,98,61,47,29,20,23,11,6,14,5,53,560,236,182,228,418,1206
SBSV,2019-07,ARR,2580,1,0,0,0,3,4,19,36,134,294,409,402,322,256,217,144,97,65,38,20,21,18,10,7,6,57,811,322,256,361,578,1750
SBSV,2019-08,ARR,2358,0,0,0,0,4,2,11,38,131,239,371,404,327,265,189,121,79,44,31,25,17,12,9,2,3,34,775,327,265,310,592,1677
SBSV,2019-09,ARR,2287,0,0,0,0,3,12,30,50,122,257,345,341,297,259,162,111,77,53,31,25,27,17,16,5,7,40,686,297,259,273,556,1515
SBSV,2019-10,ARR,2394,0,0,1,0,2,5,20,49,125,261,362,369,334,242,190,134,84,61,32,32,16,16,10,5,9,35,731,334,242,324,576,1631
SBSV,2019-11,ARR,2477,2,0,0,0,0,5,20,43,124,234,352,382,351,256,166,138,104,75,43,34,27,12,16,6,16,71,734,351,256,304,607,1645
SBSV,2019-12,ARR,2777,0,0,1,0,1,2,10,70,132,275,369,392,336,263,205,161,114,93,63,52,42,36,23,17,12,108,761,336,263,366,599,1726
SBSV,2020-01,ARR,2939,10,3,2,0,7,4,16,72,155,337,450,492,393,248,197,142,104,70,34,36,26,20,14,14,11,82,942,393,248,339,641,1922
SBSV,2020-02,ARR,2587,0,1,0,0,1,4,29,72,193,343,440,438,324,174,148,80,75,40,44,22,30,22,10,14,10,73,878,324,174,228,498,1604
SBSV,2020-03,ARR,1817,0,0,0,0,0,0,18,58,171,290,378,269,218,136,53,77,32,24,23,15,9,3,4,4,2,33,647,218,136,130,354,1131
SBSV,2020-04,ARR,181,0,0,0,1,1,2,4,17,21,27,17,29,23,13,8,4,2,6,0,0,1,0,0,0,0,5,46,23,13,12,36,94
SBSV,2020-05,ARR,233,0,0,1,0,3,6,10,22,35,36,43,23,19,13,7,3,2,4,0,1,2,0,0,0,1,2,66,19,13,10,32,108
SBSV,2020-06,ARR,288,1,0,0,1,2,6,4,9,22,36,52,47,36,30,20,7,4,3,0,2,0,2,0,2,0,2,99,36,30,27,66,192
SBSV,2020-07,ARR,487,0,0,0,0,0,0,7,13,36,80,83,84,69,32,33,21,2,5,3,1,1,1,0,3,2,11,167,69,32,54,101,322
SBSV,2020-08,ARR,629,0,0,0,0,0,1,6,19,45,117,123,100,65,48,37,19,7,6,7,6,0,2,1,0,2,18,223,65,48,56,113,392
SBSV,2020-09,ARR,917,0,0,1,4,3,4,11,35,65,130,183,136,122,84,61,23,12,7,4,6,4,2,2,1,1,16,319,122,84,84,206,609
SBSV,2020-10,ARR,1413,4,1,0,1,3,2,15,49,108,216,238,240,188,120,70,50,35,25,7,9,4,2,2,2,2,20,478,188,120,120,308,906
SBSV,2020-11,ARR,1540,1,0,1,0,0,0,5,31,68,164,229,265,215,185,100,73,58,35,26,19,13,7,11,2,5,27,494,215,185,173,400,1067
SBSV,2020-12,ARR,2093,0,3,2,4,5,4,8,41,107,242,329,313,306,232,134,130,60,31,38,28,18,9,13,5,7,24,642,306,232,264,538,1444
SBSV,2021-01,ARR,2512,1,0,0,0,3,5,19,77,199,401,479,436,281,208,141,82,61,31,19,13,12,8,5,4,1,26,915,281,208,223,489,1627
SBSV,2021-02,ARR,1680,0,0,0,0,0,6,30,82,220,336,339,245,150,89,65,25,19,14,11,10,7,3,5,0,3,21,584,150,89,90,239,913
SBSV,2021-03,ARR,1479,0,0,1,0,0,2,23,92,210,296,294,225,149,74,36,22,10,12,3,2,5,2,0,1,0,20,519,149,74,58,223,800
SBSV,2021-04,ARR,862,1,1,1,2,6,9,12,36,77,137,155,152,107,64,45,21,9,11,3,2,2,1,1,1,1,5,307,107,64,66,171,544
SBSV,2021-05,ARR,1103,1,0,1,2,3,13,20,57,129,226,193,152,114,69,41,20,23,7,7,6,2,2,2,3,1,9,345,114,69,61,183,589
SBSV,2021-06,ARR,1459,0,1,0,1,2,9,33,92,183,279,297,198,133,86,47,39,19,11,7,2,5,2,0,0,1,12,495,133,86,86,219,800
SBSV,2021-07,ARR,1988,0,0,2,1,2,3,27,91,201,342,406,317,226,125,78,56,23,17,11,11,6,10,3,3,2,25,723,226,125,134,351,1208
SBSV,2021-08,ARR,1800,0,0,1,1,1,3,23,69,201,345,364,303,169,114,60,55,21,13,12,10,4,3,5,1,1,21,667,169,114,115,283,1065
SBSV,2021-09,ARR,1957,0,0,0,0,1,4,14,34,135,321,423,319,266,152,98,56,41,18,14,14,8,7,4,2,3,23,742,266,152,154,418,1314
SBSV,2021-10,ARR,2062,1,0,0,0,2,3,15,58,176,328,402,338,245,149,92,65,40,32,18,14,9,4,7,4,6,54,740,245,149,157,394,1291
SBSV,2021-11,ARR,2189,0,0,0,0,0,3,11,60,147,308,352,338,253,208,129,88,67,58,28,27,15,9,11,10,2,65,690,253,208,217,461,1368
SBSV,2021-12,ARR,2657,0,0,0,0,0,7,19,67,164,312,412,376,294,244,176,144,84,65,57,40,36,29,17,13,12,89,788,294,244,320,538,1646
SBSV,2022-01,ARR,2659,0,0,0,0,0,1,5,46,113,282,429,464,382,272,197,149,83,56,44,18,20,9,14,9,2,64,893,382,272,346,654,1893
SBSV,2022-02,ARR,2071,20,2,2,4,2,1,15,48,143,331,421,354,293,155,94,53,32,9,15,12,6,3,6,3,2,45,775,293,155,147,448,1370
SBSV,2022-03,ARR,2369,0,0,0,0,0,3,12,57,165,343,472,432,315,197,117,67,53,40,18,13,10,7,6,6,5,31,904,315,197,184,512,1600
SBSV,2022-04,ARR,2158,0,0,0,0,3,2,7,34,142,286,431,407,273,173,134,75,50,29,28,18,14,3,2,6,6,35,838,273,173,209,446,1493
SBSV,2022-05,ARR,2064,13,0,0,1,1,2,12,38,157,268,415,365,259,156,127,73,45,30,15,12,13,6,6,10,5,35,780,259,156,200,415,1395
SBSV,2022-06,ARR,1993,2,0,1,0,3,2,7,34,148,301,373,354,262,166,113,65,41,18,20,15,9,13,3,7,3,33,727,262,166,178,428,1333
SBSV,2022-07,ARR,2294,5,0,0,1,1,4,10,45,156,298,373,409,334,193,125,95,57,34,26,18,23,12,10,8,7,50,782,334,193,220,527,1529
SBSV,2022-08,ARR,2049,0,0,0,0,1,5,10,33,106,265,376,348,271,205,131,69,72,43,24,24,15,12,7,4,2,26,724,271,205,200,476,1400
SBSV,2022-09,ARR,1929,0,1,3,3,4,4,14,47,106,223,378,338,236,149,121,72,61,40,35,11,18,7,7,5,4,42,716,236,149,193,385,1294
SBSV,2022-10,ARR,1953,2,0,0,0,3,7,15,38,115,250,367,296,239,155,114,81,54,48,36,35,10,10,6,11,5,56,663,239,155,195,394,1252
SBSV,2022-11,ARR,2055,25,0,0,0,0,2,5,19,71,143,219,264,280,237,165,119,113,82,58,44,38,27,17,20,14,93,483,280,237,284,517,1284
SBSV,2022-12,ARR,2382,13,0,0,5,5,5,14,44,94,205,300,297,301,228,157,160,115,88,62,52,38,25,20,19,20,115,597,301,228,317,529,1443
SBSV,2023-01,ARR,2503,0,0,0,2,8,9,17,42,92,208,354,367,338,265,179,147,99,69,61,55,38,25,17,27,9,75,721,338,265,326,603,1650
SBSV,2023-02,ARR,1968,0,0,1,5,4,10,15,18,60,140,251,292,248,228,171,128,80,46,56,51,23,19,23,12,19,68,543,248,228,299,476,1318
SBSV,2019-01,DEP,3046,17,3,1,0,0,0,0,0,0,13,142,506,656,442,327,209,190,115,97,59,49,34,35,21,21,109,648,656,442,536,1098,2282
SBSV,2019-02,DEP,2392,8,2,1,0,1,1,0,1,4,14,125,376,457,355,272,186,151,95,76,50,33,26,24,23,13,98,501,457,355,458,812,1771
SBSV,2019-03,DEP,2543,0,0,0,0,0,0,0,3,3,18,121,405,506,391,250,187,133,107,77,51,44,32,28,35,23,129,526,506,391,437,897,1860
SBSV,2019-04,DEP,2021,1,0,0,0,0,0,0,1,4,14,134,402,441,290,188,131,106,65,49,50,25,21,15,13,9,62,536,441,290,319,731,1586
SBSV,2019-05,DEP,1821,0,0,0,0,0,0,0,0,2,19,171,453,384,244,163,101,78,45,36,31,17,13,14,8,4,38,624,384,244,264,628,1516
SBSV,2019-06,DEP,1842,7,0,0,0,0,0,0,0,2,12,143,354,414,269,189,117,68,58,35,32,22,26,9,7,6,72,497,414,269,306,683,1486
SBSV,2019-07,DEP,2589,0,0,0,0,0,0,0,0,2,15,184,531,576,405,267,158,134,80,54,40,25,25,13,15,4,61,715,576,405,425,981,2121
SBSV,2019-08,DEP,2354,1,0,0,0,0,0,0,2,0,19,205,465,539,355,223,147,106,66,43,45,31,19,17,10,5,56,670,539,355,370,894,1934
SBSV,2019-09,DEP,2293,0,0,0,0,0,0,0,2,3,24,150,517,544,332,180,150,118,68,48,29,23,20,13,13,8,51,667,544,332,330,876,1873
SBSV,2019-10,DEP,2395,0,0,0,0,0,0,0,0,4,17,157,459,508,369,276,165,126,96,52,28,40,28,17,10,7,36,616,508,369,441,877,1934
SBSV,2019-11,DEP,2490,0,0,0,0,1,0,1,1,4,16,173,508,510,374,206,193,126,97,68,36,33,31,17,14,9,72,681,510,374,399,884,1964
SBSV,2019-12,DEP,2791,0,1,0,1,1,1,0,3,6,28,200,557,636,367,238,172,114,115,81,57,32,42,27,17,19,76,757,636,367,410,1003,2170
SBSV,2020-01,DEP,2945,0,0,1,2,0,2,3,9,7,24,229,660,753,426,224,145,125,76,49,39,27,17,18,14,13,82,889,753,426,369,1179,2437
SBSV,2020-02,DEP,2597,2,0,1,0,2,2,1,0,5,22,237,647,715,316,178,112,85,53,35,32,22,16,19,13,9,73,884,715,316,290,1031,2205
SBSV,2020-03,DEP,1820,0,0,0,0,0,0,1,2,2,22,214,493,470,228,119,71,42,35,18,18,16,16,4,4,8,37,707,470,228,190,698,1595
SBSV,2020-04,DEP,180,2,0,0,0,0,0,0,1,5,9,34,38,33,19,12,5,5,2,2,2,0,2,0,0,2,7,72,33,19,17,52,141
SBSV,2020-05,DEP,235,1,0,0,1,0,1,1,1,9,19,47,67,36,24,8,9,3,0,1,0,0,0,1,0,0,6,114,36,24,17,60,191
SBSV,2020-06,DEP,280,0,0,0,1,0,1,2,0,1,12,49,93,46,28,11,9,8,2,2,1,1,1,0,0,0,12,142,46,28,20,74,236
SBSV,2020-07,DEP,495,0,0,0,0,0,0,0,0,1,29,104,159,81,37,16,8,3,11,6,2,2,1,1,0,1,33,263,81,37,24,118,405
SBSV,2020-08,DEP,642,0,0,0,0,0,0,0,2,6,18,177,214,99,33,12,13,8,7,6,2,1,2,3,3,2,34,391,99,33,25,132,548
SBSV,2020-09,DEP,923,0,0,0,0,0,0,1,3,13,43,180,301,179,90,35,24,17,12,4,2,2,0,2,1,2,12,481,179,90,59,269,809
SBSV,2020-10,DEP,1422,3,1,4,2,0,1,2,6,10,51,303,426,305,142,60,37,18,10,9,1,1,2,1,1,0,26,729,305,142,97,447,1273
SBSV,2020-11,DEP,1558,1,0,1,0,0,1,4,2,6,22,192,456,370,159,119,70,42,29,19,16,11,3,6,5,1,23,648,370,159,189,529,1366
SBSV,2020-12,DEP,2099,0,0,0,0,3,3,5,8,9,55,330,587,413,253,122,91,66,46,30,19,7,11,7,5,4,25,917,413,253,213,666,1796
SBSV,2021-01,DEP,2557,1,2,0,1,1,0,0,1,6,39,293,656,584,358,220,135,84,53,33,23,21,7,7,4,2,26,949,584,358,355,942,2246
SBSV,2021-02,DEP,1706,0,0,0,0,0,0,0,1,10,54,329,569,377,154,87,36,29,14,11,8,5,2,4,3,1,12,898,377,154,123,531,1552
SBSV,2021-03,DEP,1500,0,0,0,0,0,0,0,0,3,31,291,535,351,139,69,31,18,8,7,4,0,2,2,0,1,8,826,351,139,100,490,1416
SBSV,2021-04,DEP,870,2,0,1,0,1,0,0,2,5,21,143,287,210,68,44,27,17,11,0,9,1,1,1,0,0,19,430,210,68,71,278,779
SBSV,2021-05,DEP,1128,0,0,1,0,0,1,0,1,5,29,167,401,272,108,54,38,15,5,8,4,3,1,0,2,2,11,568,272,108,92,380,1040
SBSV,2021-06,DEP,1480,0,0,0,0,0,0,1,1,2,24,199,510,349,174,97,47,24,8,10,8,5,3,3,1,0,14,709,349,174,144,523,1376
SBSV,2021-07,DEP,2012,0,0,0,0,0,0,0,0,1,29,274,722,525,211,92,43,31,10,16,7,9,5,5,1,5,26,996,525,211,135,736,1867
SBSV,2021-08,DEP,1814,0,0,0,0,0,0,0,0,2,30,322,610,427,193,91,43,17,17,11,12,6,9,3,1,2,18,932,427,193,134,620,1686
SBSV,2021-09,DEP,2018,0,0,0,0,0,0,0,0,1,29,229,593,508,267,137,70,55,29,25,16,14,5,7,6,1,26,822,508,267,207,775,1804
SBSV,2021-10,DEP,2130,0,0,0,0,0,1,0,0,1,21,244,660,558,251,121,72,55,21,21,14,7,11,11,5,2,54,904,558,251,193,809,1906
SBSV,2021-11,DEP,2207,0,0,0,0,0,0,0,1,1,16,146,527,577,323,177,115,78,54,34,24,19,16,12,7,9,71,673,577,323,292,900,1865
SBSV,2021-12,DEP,2668,0,0,0,0,0,0,0,1,3,22,209,650,633,357,201,137,96,76,54,40,26,18,23,11,9,102,859,633,357,338,990,2187
SBSV,2022-01,DEP,2671,18,0,0,0,0,0,0,0,1,12,174,566,655,391,241,150,107,72,68,39,33,27,20,13,11,73,740,655,391,391,1046,2177
SBSV,2022-02,DEP,2071,12,0,0,0,2,7,3,1,4,22,254,622,526,231,119,70,42,29,23,14,8,9,7,10,3,53,876,526,231,189,757,1822
SBSV,2022-03,DEP,2376,0,0,0,0,1,0,1,3,9,44,315,750,532,268,153,90,53,41,16,17,12,13,5,7,5,41,1065,532,268,243,800,2108
SBSV,2022-04,DEP,2154,0,0,0,0,0,1,0,2,8,37,227,634,539,258,154,72,61,40,25,17,15,9,4,3,4,44,861,539,258,226,797,1884
SBSV,2022-05,DEP,2080,0,0,0,0,1,1,1,3,10,38,307,628,439,236,132,82,41,36,30,11,11,10,12,3,2,46,935,439,236,214,675,1824
SBSV,2022-06,DEP,1999,2,0,0,0,0,2,2,2,7,29,228,600,494,236,137,75,50,33,20,13,4,13,11,6,5,30,828,494,236,212,730,1770
SBSV,2022-07,DEP,2296,0,3,0,1,0,0,1,3,5,24,204,578,580,316,168,115,69,48,34,22,22,9,10,7,9,68,782,580,316,283,896,1961
SBSV,2022-08,DEP,2046,0,0,0,0,0,0,0,3,5,25,159,514,530,301,155,108,59,44,39,32,17,9,6,5,1,34,673,530,301,263,831,1767
SBSV,2022-09,DEP,1933,0,0,0,0,0,3,7,11,14,32,212,501,440,241,127,89,70,40,34,16,18,14,3,11,5,45,713,440,241,216,681,1610
SBSV,2022-10,DEP,1952,2,0,0,0,0,0,3,10,15,33,224,503,427,241,127,89,55,55,23,26,16,12,8,7,5,71,727,427,241,216,668,1611
SBSV,2022-11,DEP,2121,25,0,0,1,1,3,3,10,7,18,112,451,395,290,172,116,105,86,56,49,41,34,26,17,8,95,563,395,290,288,685,1536
SBSV,2022-12,DEP,2421,13,0,0,3,1,3,5,13,17,32,183,463,466,317,161,141,126,91,64,57,47,29,26,21,9,133,646,466,317,302,783,1731
SBSV,2023-01,DEP,2550,2,1,1,2,4,16,15,8,9,22,161,445,471,361,233,172,118,123,90,72,41,30,25,21,14,93,606,471,361,405,832,1843
SBSV,2023-02,DEP,1966,1,0,1,2,3,7,9,8,7,20,116,360,398,237,166,143,107,75,57,48,34,20,20,14,17,96,476,398,237,309,635,1420
